ts,agent_id,cvip,cvip_x,cvip_y,cvip_z
879674,0,501.09717255948897,198.76744079589844,-59.8326530456543,-499.8239440917969
879675,0,13.812594499650915,195.56744384765625,-72.83265686035156,0.09999999403953552
879676,0,13.81130886424041,195.56744384765625,-72.83265686035156,0.09540698677301407
879677,0,13.810196788962182,195.56744384765625,-72.83265686035156,0.08469131588935852
879678,0,13.809258186808002,195.56744384765625,-72.83265686035156,0.06785445660352707
879679,0,13.808492962829495,195.56744384765625,-72.83265686035156,0.044897954910993576
879680,0,13.807926602843253,195.56744384765625,-72.83257293701172,0.021351279690861702
879681,0,13.807459131053298,195.56739807128906,-72.83253479003906,0.0024756239727139473
879682,0,13.807302120581985,195.56735229492188,-72.8324966430664,-0.01238246913999319
879683,0,13.807333445722405,195.5673370361328,-72.83248138427734,-0.023821182548999786
879684,0,13.807402607046313,195.5673370361328,-72.83246612548828,-0.03239978849887848
879685,0,13.807453827856348,195.5673370361328,-72.83245086669922,-0.03862537443637848
879686,0,13.807437429439071,195.56732177734375,-72.83245086669922,-0.04294982925057411
879687,0,13.80729934168697,195.56732177734375,-72.83244323730469,-0.04576675221323967
879688,0,13.807205080934166,195.56732177734375,-72.83244323730469,-0.04741344228386879
879689,0,13.807142321213325,195.56732177734375,-72.83244323730469,-0.04817352071404457
879690,0,13.807112723939266,195.56732177734375,-72.83245086669922,-0.04828201234340668
879691,0,13.807109059642132,195.5673370361328,-72.83245086669922,-0.047929953783750534
879692,0,13.807123518253487,195.5673370361328,-72.83245086669922,-0.04726989567279816
879693,0,13.807136764181116,195.5673370361328,-72.83245849609375,-0.04642120376229286
879694,0,13.807159459414281,195.56735229492188,-72.83245849609375,-0.04547519609332085
879695,0,13.807179738955755,195.56735229492188,-72.83246612548828,-0.04449958726763725
879696,0,13.807208782771442,195.56735229492188,-72.83246612548828,-0.04354332014918327
879697,0,13.807216558947202,195.56735229492188,-72.83246612548828,-0.04263957962393761
879698,0,13.807235703200757,195.56735229492188,-72.83246612548828,-0.04180946201086044
879699,0,13.807258280529839,195.5673828125,-72.83247375488281,-0.041064947843551636
879700,0,13.807270342084768,195.5673828125,-72.83247375488281,-0.04041072726249695
879701,0,13.807271473787097,195.5673828125,-72.83247375488281,-0.03984649479389191
879702,0,13.807287095590203,195.5673828125,-72.83247375488281,-0.03936820849776268
879703,0,13.807287833495131,195.5673828125,-72.83248138427734,-0.038969725370407104
879704,0,13.807292394451139,195.5673828125,-72.83248138427734,-0.03864334151148796
879705,0,13.807300435252934,195.5673828125,-72.83248138427734,-0.03838081285357475
879706,0,13.807315834444308,195.5673828125,-72.83248138427734,-0.03817378729581833
879707,0,13.807312789367058,195.5673828125,-72.83248138427734,-0.03801395371556282
879708,0,13.807320650557338,195.5673828125,-72.83248138427734,-0.037893712520599365
879709,0,13.807321038734658,195.5673828125,-72.83248138427734,-0.03780612722039223
879710,0,13.80732880081496,195.5673828125,-72.83248138427734,-0.03774493932723999
879711,0,13.807329099436538,195.5673828125,-72.83248138427734,-0.03770481050014496
879712,0,13.807325818262836,195.5673828125,-72.83248138427734,-0.0376809686422348
879713,0,13.807326045069653,195.5673828125,-72.83248138427734,-0.03766956180334091
879714,0,13.80734108387849,195.5673828125,-72.83248138427734,-0.037667348980903625
879715,0,13.807341253966651,195.5673828125,-72.83248138427734,-0.03767162188887596
879716,0,13.807341400484516,195.5673828125,-72.83248138427734,-0.03768032044172287
879717,0,13.807341526329589,195.5673828125,-72.83248138427734,-0.03769168630242348
879718,0,13.807341633931072,195.5673828125,-72.83248138427734,-0.037704505026340485
879719,0,13.80734172552718,195.5673828125,-72.83248138427734,-0.037717703729867935
879720,0,13.807341803379414,195.5673828125,-72.83248138427734,-0.037730827927589417
879721,0,13.807341817841365,195.5673828125,-72.83248138427734,-0.037743184715509415
879722,0,13.807341872857831,195.5673828125,-72.83248138427734,-0.037754591554403305
879723,0,13.807341904102637,195.5673828125,-72.83248138427734,-0.037764813750982285
879724,0,13.80734193598453,195.5673828125,-72.83248138427734,-0.03777385503053665
879725,0,13.807341966748037,195.5673828125,-72.83248138427734,-0.03778163716197014
879726,0,13.807341995443204,195.5673828125,-72.83248138427734,-0.037788275629282
879727,0,13.807342021608708,195.5673828125,-72.83248138427734,-0.037793807685375214
879728,0,13.807342044869975,195.5673828125,-72.83248138427734,-0.037798307836055756
879729,0,13.807342065309196,195.5673828125,-72.83248138427734,-0.037801969796419144
879730,0,13.80734208305004,195.5673828125,-72.83248138427734,-0.03780486807227135
879731,0,13.807342098182428,195.5673828125,-72.83248138427734,-0.03780708089470863
879732,0,13.807342111058965,195.5673828125,-72.83248138427734,-0.037808798253536224
879733,0,13.807342121945458,195.5673828125,-72.83248138427734,-0.037810057401657104
879734,0,13.80734212997855,195.5673828125,-72.83248138427734,-0.037810057401657104
879735,0,13.807349557904958,195.5673828125,-72.83248138427734,-0.037810057401657104
879736,0,13.807349563672906,195.5673828125,-72.83248138427734,-0.037810057401657104
879737,0,13.807349568579552,195.5673828125,-72.83248138427734,-0.037810057401657104
879738,0,13.807349568579552,195.5673828125,-72.83248138427734,-0.037810057401657104
879739,0,13.807349572031796,195.5673828125,-72.83248138427734,-0.037810057401657104
879740,0,13.807349573713767,195.5673828125,-72.83248138427734,-0.037810057401657104
879741,0,13.807349575577861,195.5673828125,-72.83248138427734,-0.037810057401657104
879742,0,13.80734957753091,195.5673828125,-72.83248138427734,-0.037810057401657104
879743,0,13.807349579348752,195.5673828125,-72.83248138427734,-0.037810057401657104
879744,0,13.807349581122367,195.5673828125,-72.83248138427734,-0.037810057401657104
879745,0,13.807349582758494,195.5673828125,-72.83248138427734,-0.037810057401657104
879746,0,13.807349584168294,195.5673828125,-72.83248138427734,-0.037810057401657104
879747,0,13.807349585396125,195.5673828125,-72.83248138427734,-0.037810057401657104
879748,0,13.807349585396125,195.5673828125,-72.83248138427734,-0.037810057401657104
879749,0,13.80734958748783,195.5673828125,-72.83248138427734,-0.037810057401657104
879750,0,13.80734958748783,195.5673828125,-72.83248138427734,-0.037810057401657104
879751,0,13.807349589080072,195.5673828125,-72.83248138427734,-0.037810057401657104
879752,0,13.807349589080072,195.5673828125,-72.83248138427734,-0.037810057401657104
879753,0,13.807349589080072,195.5673828125,-72.83248138427734,-0.037810057401657104
879754,0,13.807349590672446,195.5673828125,-72.83248138427734,-0.037810057401657104
879755,0,13.807349590672446,195.5673828125,-72.83248138427734,-0.037810057401657104
879756,0,13.807349590672446,195.5673828125,-72.83248138427734,-0.037810057401657104
879757,0,13.807349590672446,195.5673828125,-72.83248138427734,-0.037810057401657104
879758,0,13.807349590672446,195.5673828125,-72.83248138427734,-0.037810057401657104
879759,0,13.807349590672446,195.5673828125,-72.83248138427734,-0.037810057401657104
879760,0,13.807349590672446,195.5673828125,-72.83248138427734,-0.037810057401657104
879761,0,13.807349590672446,195.5673828125,-72.83248138427734,-0.037810057401657104
879762,0,13.807349590672446,195.5673828125,-72.83248138427734,-0.037810057401657104
879763,0,13.807349591991747,195.5673828125,-72.83248138427734,-0.037810057401657104
879764,0,13.807349591991747,195.5673828125,-72.83248138427734,-0.037810057401657104
879765,0,13.807349591991747,195.5673828125,-72.83248138427734,-0.037810057401657104
879766,0,13.807349591991747,195.5673828125,-72.83248138427734,-0.037810057401657104
879767,0,13.807349591991747,195.5673828125,-72.83248138427734,-0.037810057401657104
879768,0,13.807327330826894,195.5673828125,-72.83248138427734,-0.037810057401657104
879769,0,13.801391106125287,195.5673828125,-72.83245849609375,-0.03780704364180565
879770,0,13.79424646105016,195.5677947998047,-72.82592010498047,-0.0382586270570755
879771,0,13.787531850024935,195.568359375,-72.81143188476562,-0.03903083875775337
879772,0,13.780969005743842,195.569091796875,-72.78956604003906,-0.039935607463121414
879773,0,13.774349120711111,195.57005310058594,-72.76081848144531,-0.04085071384906769
879774,0,13.76758347352298,195.5712432861328,-72.72559356689453,-0.04170139133930206
879775,0,13.760575035631286,195.5727081298828,-72.68425750732422,-0.042445410043001175
879776,0,13.753270795905856,195.57456970214844,-72.63715362548828,-0.04306301102042198
879777,0,13.745722937039563,195.5768280029297,-72.5844955444336,-0.043555449694395065
879778,0,13.737765248204914,195.57940673828125,-72.52668762207031,-0.043916091322898865
879779,0,13.729493403303678,195.58248901367188,-72.46392059326172,-0.044164884835481644
879780,0,13.720760300454366,195.58590698242188,-72.39655303955078,-0.04430385306477547
879781,0,13.711635740714394,195.58984375,-72.32477569580078,-0.04435691609978676
879782,0,13.70214956775208,195.59429931640625,-72.248779296875,-0.044339101761579514
879783,0,13.692248404783282,195.59913635253906,-72.1688003540039,-0.044261474162340164
879784,0,13.681862724423636,195.60427856445312,-72.0850601196289,-0.04413589462637901
879785,0,13.671022953281787,195.6096954345703,-71.99773406982422,-0.043974608182907104
879786,0,13.659710856898988,195.6154327392578,-71.90701293945312,-0.043786391615867615
879787,0,13.647916069375642,195.62147521972656,-71.81304931640625,-0.04358096793293953
879788,0,13.635643046375375,195.62782287597656,-71.71599578857422,-0.04336528852581978
879789,0,13.622881303212164,195.6344451904297,-71.61600494384766,-0.04314487427473068
879790,0,13.609635536608073,195.6412811279297,-71.51318359375,-0.042924270033836365
879791,0,13.595902634096863,195.64837646484375,-71.40766906738281,-0.042706869542598724
879792,0,13.581683281605287,195.6556854248047,-71.29956817626953,-0.04249511659145355
879793,0,13.566963763149928,195.66322326660156,-71.18899536132812,-0.04229125753045082
879794,0,13.551773903915626,195.67095947265625,-71.07604217529297,-0.042096059769392014
879795,0,13.536099665098309,195.6789093017578,-70.9607925415039,-0.04191062971949577
879796,0,13.519949144410836,195.68701171875,-70.84333801269531,-0.041735418140888214
879797,0,13.503337959043535,195.6953125,-70.7237548828125,-0.041570279747247696
879798,0,13.486281457573947,195.70375061035156,-70.60211944580078,-0.04141506180167198
879799,0,13.468743409521004,195.7123565673828,-70.47850799560547,-0.04126964509487152
879800,0,13.450765122820908,195.72113037109375,-70.35298919677734,-0.04101760685443878
879801,0,13.432350696449179,195.73007202148438,-70.22560119628906,-0.04071575030684471
879802,0,13.413501285914357,195.73915100097656,-70.09640502929688,-0.04048274829983711
879803,0,13.394224537780554,195.74835205078125,-69.9654541015625,-0.04030284658074379
879804,0,13.3744994107057,195.7577362060547,-69.83281707763672,-0.040163420140743256
879805,0,13.354359475364822,195.76722717285156,-69.69853210449219,-0.04005374759435654
879806,0,13.333772335355574,195.77687072753906,-69.56266021728516,-0.03996662050485611
879807,0,13.312757369119366,195.78663635253906,-69.42523956298828,-0.039895400404930115
879808,0,13.291288961879491,195.79653930664062,-69.28631591796875,-0.03983543440699577
879809,0,13.269378658773528,195.80653381347656,-69.14593505859375,-0.0397832877933979
879810,0,13.247009377704257,195.816650390625,-69.00413513183594,-0.03973628953099251
879811,0,13.224196703990035,195.82688903808594,-68.86094665527344,-0.03969253599643707
879812,0,13.200910944043978,195.8372344970703,-68.71642303466797,-0.039650917053222656
879813,0,13.177172056520337,195.84767150878906,-68.57058715820312,-0.039610136300325394
879814,0,13.152943460899763,195.8582000732422,-68.42347717285156,-0.03957004472613335
879815,0,13.128247393885408,195.86880493164062,-68.2751235961914,-0.03953002765774727
879816,0,13.103063818708721,195.87948608398438,-68.12555694580078,-0.03949001058936119
879817,0,13.077365410879636,195.8902130126953,-67.97482299804688,-0.03944999724626541
879818,0,13.051177099933417,195.90101623535156,-67.82292938232422,-0.03940994292497635
879819,0,13.024468014919146,195.91183471679688,-67.66991424560547,-0.03937000036239624
879820,0,12.99723962141281,195.92266845703125,-67.51580810546875,-0.03933021426200867
879821,0,12.969465650372811,195.9335479736328,-67.36064147949219,-0.03929080814123154
879822,0,12.94116554731039,195.94442749023438,-67.20442199707031,-0.03925178572535515
879823,0,12.91230966652116,195.95530700683594,-67.04718780517578,-0.039213333278894424
879824,0,12.882869257559456,195.96617126464844,-66.88896942138672,-0.03917541354894638
879825,0,12.852894225518618,195.97705078125,-66.72977447509766,-0.039138104766607285
879826,0,12.822319238122876,195.98785400390625,-66.56964111328125,-0.039101675152778625
879827,0,12.791161662686623,195.99862670898438,-66.40858459472656,-0.039065856486558914
879828,0,12.759427627701074,196.00936889648438,-66.24662780761719,-0.039031028747558594
879829,0,12.728206351985389,196.02003479003906,-66.08379364013672,-0.038997191935777664
879830,0,12.697012918316767,196.03057861328125,-65.92103576660156,-0.03889491781592369
879831,0,12.6658065604213,196.0409698486328,-65.7583999633789,-0.03875541687011719
879832,0,12.634618011131394,196.0512237548828,-65.59584045410156,-0.038602065294981
879833,0,12.603456189130737,196.06134033203125,-65.4333724975586,-0.0384492501616478
879834,0,12.572292242591296,196.07130432128906,-65.27098083496094,-0.03830547258257866
879835,0,12.54114811547993,196.0811309814453,-65.10865783691406,-0.0381753146648407
879836,0,12.51000478126031,196.09078979492188,-64.9464111328125,-0.03806053102016449
879837,0,12.478875213687491,196.10031127929688,-64.78422546386719,-0.03796127066016197
879838,0,12.447732860723146,196.10968017578125,-64.62211608886719,-0.037877004593610764
879839,0,12.416594883245255,196.118896484375,-64.46007537841797,-0.03780589997768402
879840,0,12.385433950376434,196.1279296875,-64.29810333251953,-0.037746887654066086
879841,0,12.354220213165053,196.13681030273438,-64.13621520996094,-0.037698209285736084
879842,0,12.322966680526891,196.14553833007812,-63.97439956665039,-0.03765834867954254
879843,0,12.291678094457355,196.15408325195312,-63.812660217285156,-0.03762580826878548
879844,0,12.26032999626978,196.16246032714844,-63.65099334716797,-0.037599485367536545
879845,0,12.228921636005689,196.17068481445312,-63.489418029785156,-0.03757839277386665
879846,0,12.197462234361309,196.17874145507812,-63.327919006347656,-0.03756130114197731
879847,0,12.165974221754604,196.18667602539062,-63.16650390625,-0.03754787519574165
879848,0,12.134408945621928,196.19439697265625,-63.00516891479492,-0.03753696382045746
879849,0,12.102111410787305,196.2019500732422,-62.84391403198242,-0.037528570741415024
879850,0,12.067755168905967,196.2093963623047,-62.681976318359375,-0.03758560121059418
879851,0,12.033524712904276,196.21676635742188,-62.51724624633789,-0.037825241684913635
879852,0,11.999449721432049,196.22413635253906,-62.349910736083984,-0.03814949095249176
879853,0,11.965626536218696,196.23141479492188,-62.18009948730469,-0.03849807754158974
879854,0,11.9322138496042,196.2386474609375,-62.00791931152344,-0.03883548825979233
879855,0,11.899446477427247,196.24581909179688,-61.83342742919922,-0.03914203494787216
879856,0,11.867547965543569,196.25289916992188,-61.65667724609375,-0.039409101009368896
879857,0,11.836717365447628,196.25991821289062,-61.47773742675781,-0.03963359817862511
879858,0,11.807107602225438,196.266845703125,-61.29663848876953,-0.03981716185808182
879859,0,11.778916237263957,196.27371215820312,-61.1134147644043,-0.039963074028491974
879860,0,11.752301654857192,196.28050231933594,-60.92810821533203,-0.04007533937692642
879861,0,11.72742579230332,196.28720092773438,-60.74074172973633,-0.0401589572429657
879862,0,11.704457681707096,196.2938232421875,-60.551361083984375,-0.040218353271484375
879863,0,11.683552751179436,196.30032348632812,-60.3599853515625,-0.040257491171360016
879864,0,11.66483644385487,196.30673217773438,-60.1666374206543,-0.04028034210205078
879865,0,11.648387312460303,196.31304931640625,-59.97136688232422,-0.040290068835020065
879866,0,11.634249645832819,196.31927490234375,-59.77417755126953,-0.040289077907800674
879867,0,11.622467376174779,196.32542419433594,-59.57510757446289,-0.04027995839715004
879868,0,11.613114282263949,196.33148193359375,-59.374183654785156,-0.04026443511247635
879869,0,11.606218350537995,196.33740234375,-59.17142868041992,-0.04024413973093033
879870,0,11.60186703019271,196.34323120117188,-58.96687316894531,-0.040220145136117935
879871,0,11.600135020348038,196.3489990234375,-58.76054382324219,-0.040193747729063034
879872,0,11.601044067028619,196.3546600341797,-58.55246353149414,-0.04016517475247383
879873,0,11.604662102692368,196.36024475097656,-58.3426513671875,-0.040135458111763
879874,0,11.611001914475663,196.36572265625,-58.13113021850586,-0.04010520875453949
879875,0,11.620075794477822,196.37109375,-57.91793441772461,-0.04007434844970703
879876,0,11.631914322315021,196.3763885498047,-57.70307922363281,-0.04004329442977905
879877,0,11.64653829259509,196.38157653808594,-57.48659133911133,-0.04001228138804436
879878,0,11.663964485978093,196.3866729736328,-57.26849365234375,-0.0399816520512104
879879,0,11.684191254515719,196.39169311523438,-57.04880142211914,-0.039951056241989136
879880,0,11.707210026809388,196.39663696289062,-56.827537536621094,-0.0399211123585701
879881,0,11.732993159759166,196.40147399902344,-56.604736328125,-0.03989158570766449
879882,0,11.761581591105983,196.40625,-56.38039779663086,-0.03986240178346634
879883,0,11.792930907249588,196.41091918945312,-56.15456008911133,-0.039833638817071915
879884,0,11.827094639122357,196.41552734375,-55.92723083496094,-0.039805375039577484
879885,0,11.864009362836521,196.42007446289062,-55.69843292236328,-0.03977779299020767
879886,0,11.903634960866087,196.42453002929688,-55.46819305419922,-0.039750710129737854
879887,0,11.945885144761611,196.4289093017578,-55.23652648925781,-0.039723776280879974
879888,0,11.990660159657454,196.43324279785156,-55.00344467163086,-0.03969760984182358
879889,0,12.037813076185827,196.43746948242188,-54.768978118896484,-0.039671629667282104
879890,0,12.087222769752291,196.44163513183594,-54.533138275146484,-0.03964630141854286
879891,0,12.138710344483975,196.4457550048828,-54.29594421386719,-0.03962135314941406
879892,0,12.192088501982214,196.44979858398438,-54.057411193847656,-0.039596784859895706
879893,0,12.247199602507417,196.4537811279297,-53.81755828857422,-0.03957241028547287
879894,0,12.303992459116392,196.4577178955078,-53.5764045715332,-0.03954872116446495
879895,0,12.362346414560339,196.46157836914062,-53.33396530151367,-0.03952529653906822
879896,0,12.422242183197946,196.46539306640625,-53.09025573730469,-0.03950214385986328
879897,0,12.483576751544419,196.46913146972656,-52.84529495239258,-0.03947952017188072
879898,0,12.546248886343223,196.4728546142578,-52.59910202026367,-0.0394570529460907
879899,0,12.610023422974171,196.47650146484375,-52.3516845703125,-0.0394350029528141
879900,0,12.674690125261707,196.48008728027344,-52.10306167602539,-0.03941333666443825
879901,0,12.740059298464876,196.48367309570312,-51.85325241088867,-0.0393918976187706
879902,0,12.805958065663901,196.4871826171875,-51.60226821899414,-0.039370764046907425
879903,0,12.872233371134376,196.4906463623047,-51.35012435913086,-0.0393497459590435
879904,0,12.938765967421508,196.49407958984375,-51.09684371948242,-0.03932926058769226
879905,0,13.005449147789534,196.4974822998047,-50.842430114746094,-0.03930911794304848
879906,0,13.072178477583662,196.50083923339844,-50.58690643310547,-0.03928897902369499
879907,0,13.138884722771145,196.504150390625,-50.33027648925781,-0.03926936909556389
879908,0,13.205476668838486,196.50743103027344,-50.07257080078125,-0.03925010561943054
879909,0,13.272209293450818,196.51068115234375,-49.81378936767578,-0.03923095762729645
879910,0,13.33977450694577,196.51390075683594,-49.55423355102539,-0.03918907046318054
879911,0,13.407222534501201,196.51708984375,-49.29487228393555,-0.039068032056093216
879912,0,13.474538020145777,196.52023315429688,-49.03571319580078,-0.03890544921159744
879913,0,13.541750249348638,196.52333068847656,-48.77672576904297,-0.03872795030474663
879914,0,13.608879104087935,196.52642822265625,-48.51789855957031,-0.038552168756723404
879915,0,13.675909225011148,196.52944946289062,-48.25921630859375,-0.0383874885737896
879916,0,13.74284312487592,196.53244018554688,-48.00067901611328,-0.03823867812752724
879917,0,13.809690580793067,196.53538513183594,-47.74228286743164,-0.03810771927237511
879918,0,13.876466216070108,196.53831481933594,-47.484031677246094,-0.037994612008333206
879919,0,13.94317735571087,196.54122924804688,-47.22591781616211,-0.03789859637618065
879920,0,14.009800189299034,196.54409790039062,-46.967952728271484,-0.03781772404909134
879921,0,14.076339766366704,196.5469512939453,-46.71013259887695,-0.03775062412023544
879922,0,14.1427913387516,196.5497589111328,-46.45246124267578,-0.037695273756980896
879923,0,14.209171423079425,196.5525360107422,-46.1949348449707,-0.03764987736940384
879924,0,14.275480566517372,196.55531311035156,-45.93756103515625,-0.03761306777596474
879925,0,14.341695184935487,196.55804443359375,-45.680335998535156,-0.037583161145448685
879926,0,14.40783888754747,196.5607452392578,-45.42326736450195,-0.03755916655063629
879927,0,14.473912562420244,196.5634307861328,-45.166351318359375,-0.03753986209630966
879928,0,14.539912812067055,196.5661163330078,-44.90959548950195,-0.037524450570344925
879929,0,14.605845071391233,196.56874084472656,-44.65298080444336,-0.03751232102513313
879930,0,14.67025848829413,196.5713653564453,-44.39652633666992,-0.03750259429216385
879931,0,14.734088809072714,196.573974609375,-44.13876724243164,-0.03760669752955437
879932,0,14.797880935336845,196.57659912109375,-43.87921905517578,-0.03780475631356239
879933,0,14.861630591864316,196.57919311523438,-43.61793518066406,-0.03804542496800423
879934,0,14.925348325964727,196.58181762695312,-43.354942321777344,-0.03829639405012131
879935,0,14.989068379703424,196.5844268798828,-43.09027099609375,-0.03853839635848999
879936,0,15.05281312332401,196.58706665039062,-42.82394027709961,-0.03876056522130966
879937,0,15.116592721672482,196.5896759033203,-42.55595016479492,-0.038957707583904266
879938,0,15.180456291066886,196.59231567382812,-42.28631591796875,-0.039128340780735016
879939,0,15.244380078225854,196.594970703125,-42.01504135131836,-0.03927287831902504
879940,0,15.308409091288734,196.59762573242188,-41.74213790893555,-0.039393387734889984
879941,0,15.37255021539012,196.60032653808594,-41.46760177612305,-0.039492033421993256
879942,0,15.436791412322039,196.60299682617188,-41.19145584106445,-0.03957179933786392
879943,0,15.50116219221788,196.605712890625,-40.9136962890625,-0.03963504731655121
879944,0,15.565666104640714,196.60845947265625,-40.63433074951172,-0.03968425840139389
879945,0,15.630283756300617,196.6112060546875,-40.353370666503906,-0.039721641689538956
879946,0,15.69501477347845,196.61398315429688,-40.07082748413086,-0.03974929824471474
879947,0,15.759873784127972,196.6167755126953,-39.786705017089844,-0.03976886719465256
879948,0,15.824834321951418,196.6195831298828,-39.50101089477539,-0.039781682193279266
879949,0,15.889900224548088,196.62242126464844,-39.21376037597656,-0.03978923708200455
879950,0,15.955067687009063,196.6252899169922,-38.924964904785156,-0.039792366325855255
879951,0,16.020347634713854,196.62820434570312,-38.6346321105957,-0.03979187086224556
879952,0,16.085717762814653,196.631103515625,-38.34276580810547,-0.03978874161839485
879953,0,16.151196471637068,196.6340789794922,-38.04938507080078,-0.039783477783203125
879954,0,16.216805976098893,196.63706970214844,-37.75450134277344,-0.03977622836828232
879955,0,16.282594448613903,196.64007568359375,-37.45812225341797,-0.03976745530962944
879956,0,16.34859140953098,196.64312744140625,-37.16025924682617,-0.039757803082466125
879957,0,16.41486323774772,196.64622497558594,-36.86091995239258,-0.03974727541208267
879958,0,16.48148407757746,196.64935302734375,-36.560115814208984,-0.03973613679409027
879959,0,16.548513382267206,196.65249633789062,-36.25786209106445,-0.039724502712488174
879960,0,16.616032372062122,196.65570068359375,-35.954166412353516,-0.03971241042017937
879961,0,16.684130082898182,196.65892028808594,-35.64904022216797,-0.03970023989677429
879962,0,16.75291010774238,196.6621856689453,-35.342491149902344,-0.03968772664666176
879963,0,16.822461362525754,196.6654815673828,-35.0345344543457,-0.03967517614364624
879964,0,16.892876494820715,196.6688232421875,-34.72517776489258,-0.03966255113482475
879965,0,16.96424074417619,196.6721954345703,-34.4144287109375,-0.03964969515800476
879966,0,17.03665076395118,196.6756134033203,-34.10230255126953,-0.039636991918087006
879967,0,17.110191875863027,196.6790771484375,-33.7888069152832,-0.039624251425266266
879968,0,17.184960275894603,196.6825714111328,-33.47394943237305,-0.03961166366934776
879969,0,17.261027000102086,196.6861114501953,-33.15774917602539,-0.03959899768233299
879970,0,17.33849975867133,196.689697265625,-32.840206146240234,-0.03958656266331673
879971,0,17.41744909223128,196.69332885742188,-32.521331787109375,-0.03957401216030121
879972,0,17.497957402410446,196.69699096679688,-32.201141357421875,-0.039561767131090164
879973,0,17.580090858244414,196.70069885253906,-31.879638671875,-0.039549291133880615
879974,0,17.663910674730086,196.70445251464844,-31.55683708190918,-0.039537087082862854
879975,0,17.74946914112924,196.70823669433594,-31.23274803161621,-0.039524879306554794
879976,0,17.836806388309522,196.71206665039062,-30.907377243041992,-0.03951289877295494
879977,0,17.925983746683716,196.71595764160156,-30.580734252929688,-0.039500921964645386
879978,0,18.01698891232954,196.71987915039062,-30.25282859802246,-0.0394890196621418
879979,0,18.109828264143832,196.72384643554688,-29.923667907714844,-0.0394771583378315
879980,0,18.204475291350757,196.72784423828125,-29.5932674407959,-0.0394655205309391
879981,0,18.30087326650886,196.7318878173828,-29.261634826660156,-0.039453811943531036
879982,0,18.399002297850352,196.73597717285156,-28.92877197265625,-0.03944244235754013
879983,0,18.498818753639636,196.74009704589844,-28.594694137573242,-0.03943096101284027
879984,0,18.60027804197803,196.74424743652344,-28.259408950805664,-0.0394197441637516
879985,0,18.70338005362635,196.7484588623047,-27.92292594909668,-0.03940841555595398
879986,0,18.808102885169376,196.752685546875,-27.585250854492188,-0.03939739242196083
879987,0,18.914430525537362,196.75697326660156,-27.246395111083984,-0.03938610106706619
879988,0,19.022305638069703,196.76129150390625,-26.9063663482666,-0.03937522694468498
879989,0,19.131670307365134,196.76564025878906,-26.565176010131836,-0.039364203810691833
879990,0,19.242494396570983,196.77005004882812,-26.222824096679688,-0.03935352340340614
879991,0,19.353948059309275,196.7744903564453,-25.88011360168457,-0.03928356245160103
879992,0,19.465421713717614,196.77894592285156,-25.53764533996582,-0.039140548557043076
879993,0,19.576891363242098,196.78341674804688,-25.1954345703125,-0.03895969316363335
879994,0,19.688382436175242,196.7879180908203,-24.853456497192383,-0.038767166435718536
879995,0,19.799891344964102,196.79241943359375,-24.511695861816406,-0.03857894986867905
879996,0,19.91138838341117,196.79696655273438,-24.170148849487305,-0.038403891026973724
879997,0,20.022845763187437,196.801513671875,-23.828805923461914,-0.0382467657327652
879998,0,20.13425632683488,196.8060760498047,-23.487667083740234,-0.038108862936496735
879999,0,20.245578220665404,196.81065368652344,-23.146738052368164,-0.03799033910036087
880000,0,20.35679003083708,196.81524658203125,-22.80600929260254,-0.03788963332772255
880001,0,20.46786081705154,196.81983947753906,-22.465492248535156,-0.03780544176697731
880002,0,20.57877894192252,196.82443237304688,-22.125185012817383,-0.037735290825366974
880003,0,20.689544594892435,196.82907104492188,-21.78508758544922,-0.03767761215567589
880004,0,20.800123502135392,196.83370971679688,-21.445199966430664,-0.037630461156368256
880005,0,20.9105005396068,196.83834838867188,-21.10552978515625,-0.037592314183712006
880006,0,21.02066154992487,196.84298706054688,-20.766071319580078,-0.037561073899269104
880007,0,21.130581985516667,196.84762573242188,-20.426830291748047,-0.03753623738884926
880008,0,21.240262617945675,196.85226440429688,-20.087806701660156,-0.03751625120639801
880009,0,21.349548475011858,196.8568878173828,-19.749130249023438,-0.03749000281095505
880010,0,21.45811493388279,196.86143493652344,-19.411113739013672,-0.03743934631347656
880011,0,21.565743086697356,196.86550903320312,-19.07388687133789,-0.03737037628889084
880012,0,21.6724224850646,196.868408203125,-18.7372989654541,-0.037307508289813995
880013,0,21.777377261416458,196.86944580078125,-18.401981353759766,-0.037214089184999466
880014,0,21.879767136768702,196.86770629882812,-18.068601608276367,-0.03707176074385643
880015,0,21.97880826390852,196.86219787597656,-17.737760543823242,-0.03688163682818413
880016,0,22.07421721930247,196.8505096435547,-17.409337997436523,-0.036726608872413635
880017,0,22.165860131614036,196.82931518554688,-17.08287239074707,-0.0367162711918354
880018,0,22.25345335743694,196.7967529296875,-16.758365631103516,-0.03688552603125572
880019,0,22.3364615815493,196.75160217285156,-16.436199188232422,-0.037217140197753906
880020,0,22.41418600667366,196.6931610107422,-16.117021560668945,-0.03766822814941406
880021,0,22.48588123615866,196.6210479736328,-15.801631927490234,-0.03819114714860916
880022,0,22.550795726847486,196.53504943847656,-15.4909029006958,-0.03874126449227333
880023,0,22.608198628635762,196.4352569580078,-15.185728073120117,-0.03928130865097046
880024,0,22.657488732231997,196.32186889648438,-14.88695240020752,-0.03978389501571655
880025,0,22.69816563376515,196.1952667236328,-14.59533977508545,-0.04022899642586708
880026,0,22.73085026287037,196.05653381347656,-14.310627937316895,-0.04064449295401573
880027,0,22.753787380033152,195.90557861328125,-14.034805297851562,-0.04091259092092514
880028,0,22.768075571441653,195.8765411376953,-13.783754348754883,-0.03719859942793846
880029,0,22.773387728737614,195.8413848876953,-13.54073429107666,-0.0308996569365263
880030,0,22.768209544888315,195.79812622070312,-13.307096481323242,-0.025962181389331818
880031,0,22.75151707591616,195.74722290039062,-13.08399486541748,-0.022273940965533257
880032,0,22.722864452381646,195.68939208984375,-12.872017860412598,-0.019681014120578766
880033,0,22.69008242760711,195.64498901367188,-12.665728569030762,-0.020111313089728355
880034,0,22.646641042039146,195.60736083984375,-12.470847129821777,-0.02099601738154888
880035,0,22.59201233661994,195.57229614257812,-12.287402153015137,-0.022189635783433914
880036,0,22.526135690151364,195.53895568847656,-12.115351676940918,-0.023542441427707672
880037,0,22.448532570234978,195.50656127929688,-11.95508861541748,-0.02462642639875412
880038,0,22.359207408682124,195.4734344482422,-11.806431770324707,-0.02556285820901394
880039,0,22.259007461737934,195.43711853027344,-11.668277740478516,-0.027381209656596184
880040,0,22.149176399554626,195.3983917236328,-11.5394868850708,-0.030458487570285797
880041,0,22.025517400095506,195.35641479492188,-11.424224853515625,-0.033231962472200394
880042,0,21.887051995223057,195.31187438964844,-11.32356071472168,-0.03442993015050888
880043,0,21.737361238284475,195.2677764892578,-11.234230995178223,-0.03414295241236687
880044,0,21.578165855353728,195.2255859375,-11.154650688171387,-0.03334144502878189
880045,0,21.409842272375325,195.1861114501953,-11.084518432617188,-0.032415807247161865
880046,0,21.23255914562532,195.1497039794922,-11.023690223693848,-0.03157428652048111
880047,0,21.046289059304147,195.11740112304688,-10.972285270690918,-0.03113655000925064
880048,0,20.850499205345493,195.0909881591797,-10.930991172790527,-0.030506666749715805
880049,0,20.64572600945545,195.07101440429688,-10.89930248260498,-0.029719771817326546
880050,0,20.43229380424648,195.057373046875,-10.876853942871094,-0.02887313812971115
880051,0,20.21036875085984,195.0497589111328,-10.863431930541992,-0.028036078438162804
880052,0,19.98064307789481,195.0470733642578,-10.858243942260742,-0.027329063042998314
880053,0,19.745775744833587,195.0472869873047,-10.858424186706543,-0.026952819898724556
880054,0,19.511120709162068,195.0472412109375,-10.858288764953613,-0.02724330872297287
880055,0,19.276600640203192,195.0470733642578,-10.85794448852539,-0.0279138945043087
880056,0,19.042136912803965,195.04676818847656,-10.857484817504883,-0.028793448582291603
880057,0,18.807709436820623,195.0464630126953,-10.856974601745605,-0.02976585365831852
880058,0,18.57329433146924,195.046142578125,-10.856451988220215,-0.030754851177334785
880059,0,18.362896832050417,195.0799102783203,-10.83555793762207,-0.032932739704847336
880060,0,18.149036884751027,195.1097869873047,-10.817919731140137,-0.036194153130054474
880061,0,17.93134615108968,195.13514709472656,-10.80385684967041,-0.03986248001456261
880062,0,17.710000312496703,195.1559295654297,-10.793187141418457,-0.04353320971131325
880063,0,17.485294393952003,195.1721649169922,-10.78561782836914,-0.046967506408691406
880064,0,17.256590913225562,195.1820068359375,-10.781534194946289,-0.04857444763183594
880065,0,17.025938726827793,195.18809509277344,-10.77916145324707,-0.04896431043744087
880066,0,16.794284421407426,195.1919708251953,-10.77774429321289,-0.04965351149439812
880067,0,16.560883717626265,195.1917724609375,-10.777791976928711,-0.0501522421836853
880068,0,16.328224361448154,195.1913299560547,-10.777305603027344,-0.050087086856365204
880069,0,16.0961068179673,195.19073486328125,-10.776533126831055,-0.049530982971191406
880070,0,15.864419204762527,195.19009399414062,-10.775623321533203,-0.048607442528009415
880071,0,15.633115768109283,195.189453125,-10.774664878845215,-0.04744758456945419
880072,0,15.402141968966019,195.1887969970703,-10.77371597290039,-0.04616870731115341
880073,0,15.171508594147193,195.18820190429688,-10.772807121276855,-0.044863659888505936
880074,0,14.94124993443967,195.1876678466797,-10.771965026855469,-0.04360126331448555
880075,0,14.711406286928277,195.1871795654297,-10.771198272705078,-0.04242759570479393
880076,0,14.482038996946335,195.18673706054688,-10.770513534545898,-0.04137054458260536
880077,0,14.253212857194347,195.1863555908203,-10.769911766052246,-0.04044483229517937
880078,0,14.024975083368718,195.18600463867188,-10.769389152526855,-0.039653852581977844
880079,0,13.797401952863858,195.1857452392578,-10.768942832946777,-0.03899402543902397
880080,0,13.57051758144138,195.18548583984375,-10.768564224243164,-0.03845725953578949
880081,0,13.344349927409146,195.18528747558594,-10.768247604370117,-0.03803218901157379
880082,0,13.118899730689163,195.1851348876953,-10.767985343933105,-0.03770614415407181
880083,0,12.894153957388598,195.18499755859375,-10.767769813537598,-0.03746559098362923
880084,0,12.670174138165068,195.1848907470703,-10.767596244812012,-0.037297096103429794
880085,0,12.44700956918156,195.184814453125,-10.767454147338867,-0.03718879446387291
880086,0,12.224757627904149,195.1847381591797,-10.767342567443848,-0.03712863847613335
880087,0,12.003890356820651,195.18470764160156,-10.767252922058105,-0.03710666671395302
880088,0,11.784930022646753,195.1846466064453,-10.767183303833008,-0.037113647907972336
880089,0,11.568409686366,195.18460083007812,-10.767130851745605,-0.03714168444275856
880090,0,11.354965917484229,195.18458557128906,-10.76708984375,-0.03718459978699684
880091,0,11.145458179640936,195.18458557128906,-10.767057418823242,-0.03723689913749695
880092,0,10.940641766190303,195.18453979492188,-10.767033576965332,-0.03729446232318878
880093,0,10.741032032371532,195.1845245361328,-10.767016410827637,-0.03735397383570671
880094,0,10.546683985519312,195.18450927734375,-10.767003059387207,-0.03741268068552017
880095,0,10.3575941584983,195.18450927734375,-10.76699447631836,-0.03746883198618889
880096,0,10.173749749389565,195.1844940185547,-10.766988754272461,-0.03752120956778526
880097,0,9.99513984467118,195.1844940185547,-10.766984939575195,-0.037569157779216766
880098,0,9.821760394736783,195.1844940185547,-10.76698112487793,-0.03761203587055206
880099,0,9.653605538556379,195.1844940185547,-10.766980171203613,-0.037649840116500854
880100,0,9.49066468654158,195.1844940185547,-10.76697826385498,-0.037682607769966125
880101,0,9.33291472726097,195.18446350097656,-10.76697826385498,-0.037710607051849365
880102,0,9.180371976631703,195.18446350097656,-10.76697826385498,-0.03773414343595505
880103,0,9.033003464529887,195.18446350097656,-10.766980171203613,-0.037753716111183167
880104,0,8.890791358298618,195.18446350097656,-10.76698112487793,-0.03776969760656357
880105,0,8.753725703536603,195.18446350097656,-10.76698112487793,-0.03778243809938431
880106,0,8.621794927744695,195.1844940185547,-10.766982078552246,-0.03779258579015732
880107,0,8.494988552036356,195.1844940185547,-10.766982078552246,-0.037800293415784836
880108,0,8.373310774012694,195.1844940185547,-10.766983032226562,-0.03780624270439148
880109,0,8.256728404497544,195.1844940185547,-10.766983032226562,-0.037810515612363815
880110,0,8.145092061862446,195.1844940185547,-10.766984939575195,-0.03781341388821602
880111,0,8.037447475008475,195.1844940185547,-10.766984939575195,-0.037815436720848083
880112,0,7.933797867275833,195.1844940185547,-10.766984939575195,-0.037816695868968964
880113,0,7.834306354434297,195.1844940185547,-10.766985893249512,-0.03781719133257866
880114,0,7.739112415286613,195.1844940185547,-10.766985893249512,-0.03781719133257866
880115,0,7.6483149490164575,195.1844940185547,-10.766985893249512,-0.03781719133257866
880116,0,7.56201102585626,195.1844940185547,-10.766985893249512,-0.03781719133257866
880117,0,7.480270471873267,195.1844940185547,-10.766985893249512,-0.03781719133257866
880118,0,7.403136510488596,195.1844940185547,-10.766985893249512,-0.03781719133257866
880119,0,7.3306641543137605,195.1844940185547,-10.766985893249512,-0.03781719133257866
880120,0,7.262873121517444,195.1844940185547,-10.766986846923828,-0.03781654313206673
880121,0,7.199797710549811,195.1844940185547,-10.766986846923828,-0.03781654313206673
880122,0,7.141432350969046,195.1844940185547,-10.766986846923828,-0.03781654313206673
880123,0,7.0877728925615395,195.1844940185547,-10.766986846923828,-0.03781654313206673
880124,0,7.038828154359824,195.1844940185547,-10.766986846923828,-0.03781654313206673
880125,0,6.994570686546719,195.1844940185547,-10.766986846923828,-0.03781654313206673
880126,0,6.954997172014503,195.1844940185547,-10.766986846923828,-0.03781654313206673
880127,0,6.920068586000927,195.1844940185547,-10.766986846923828,-0.03781654313206673
880128,0,6.889398162661017,195.1844940185547,-10.766986846923828,-0.03781654313206673
880129,0,6.861996340147607,195.1844940185547,-10.766986846923828,-0.03781654313206673
880130,0,6.836780882560886,195.1844940185547,-10.766986846923828,-0.03781654313206673
880131,0,6.812652193544248,195.1844940185547,-10.766986846923828,-0.03781654313206673
880132,0,6.78882125815383,195.1844940185547,-10.766986846923828,-0.03781654313206673
880133,0,6.765414623769333,195.1844940185547,-10.766986846923828,-0.03781654313206673
880134,0,6.742682756297778,195.1844940185547,-10.766986846923828,-0.03781654313206673
880135,0,6.721482745367573,195.1844940185547,-10.766986846923828,-0.03781654313206673
880136,0,6.705915292522478,195.1844940185547,-10.766986846923828,-0.03781654313206673
880137,0,6.697133582706675,195.1844940185547,-10.766986846923828,-0.03781654313206673
880138,0,6.693191190715557,195.1844940185547,-10.766986846923828,-0.03781654313206673
880139,0,6.688555817164469,195.1844940185547,-10.766986846923828,-0.03781654313206673
880140,0,6.683303281169206,195.1844940185547,-10.766986846923828,-0.03781654313206673
880141,0,6.677749027341231,195.1844940185547,-10.766986846923828,-0.03781654313206673
880142,0,6.671648014145908,195.1844940185547,-10.766986846923828,-0.03781654313206673
880143,0,6.665494640867981,195.1844940185547,-10.766986846923828,-0.03781654313206673
880144,0,6.658623378048041,195.1844940185547,-10.766986846923828,-0.03781654313206673
880145,0,6.651580491565527,195.1844940185547,-10.766986846923828,-0.03781654313206673
880146,0,6.644403575658183,195.1844940185547,-10.766986846923828,-0.03781654313206673
880147,0,6.637150065521754,195.1844940185547,-10.766986846923828,-0.03781654313206673
880148,0,6.629972822819433,195.1844940185547,-10.766986846923828,-0.03781654313206673
880149,0,6.6247330974020775,195.1844940185547,-10.766986846923828,-0.03781654313206673
880150,0,6.62473239868385,195.1844940185547,-10.766986846923828,-0.03781654313206673
880151,0,6.624745198361403,195.1844940185547,-10.766986846923828,-0.03781654313206673
880152,0,6.624741538043987,195.1844940185547,-10.766986846923828,-0.03781654313206673
880153,0,6.624725090516477,195.1844940185547,-10.766986846923828,-0.03781654313206673
880154,0,6.624704980204025,195.1844940185547,-10.766986846923828,-0.03781654313206673
880155,0,6.624683040468722,195.1844940185547,-10.766986846923828,-0.03781654313206673
880156,0,6.624661099866985,195.1844940185547,-10.766986846923828,-0.03781654313206673
880157,0,6.624639163795812,195.1844940185547,-10.766986846923828,-0.03781654313206673
880158,0,6.624620875706083,195.1844940185547,-10.766986846923828,-0.03781654313206673
880159,0,6.624602595440219,195.1844940185547,-10.766986846923828,-0.03781654313206673
880160,0,6.62458796461946,195.1844940185547,-10.766986846923828,-0.03781654313206673
880161,0,6.624573341640313,195.1844940185547,-10.766986846923828,-0.03781654313206673
880162,0,6.624560546492058,195.1844940185547,-10.766986846923828,-0.03781654313206673
880163,0,6.624549578762683,195.1844940185547,-10.766986846923828,-0.03781654313206673
880164,0,6.624540437863516,195.1844940185547,-10.766986846923828,-0.03781654313206673
880165,0,6.624533122922317,195.1844940185547,-10.766986846923828,-0.03781654313206673
880166,0,6.624533122922317,195.1844940185547,-10.766986846923828,-0.03781654313206673
880167,0,6.624525815429426,195.1844940185547,-10.766986846923828,-0.03781654313206673
880168,0,6.627587305424974,195.188720703125,-10.765103340148926,-0.04010223224759102
880169,0,6.631160346112095,195.1932373046875,-10.762774467468262,-0.0426892451941967
880170,0,6.635650280061485,195.20005798339844,-10.760213851928711,-0.04610046371817589
880171,0,6.6395006826344725,195.2051544189453,-10.75778865814209,-0.048792533576488495
880172,0,6.641337758258624,195.20811462402344,-10.75678825378418,-0.04864097386598587
880173,0,6.6410223085277,195.2120819091797,-10.758354187011719,-0.04433944448828697
880174,0,6.640824653840804,195.21786499023438,-10.7603759765625,-0.04119567945599556
880175,0,6.641454339166827,195.22434997558594,-10.761764526367188,-0.03893692046403885
880176,0,6.64271259620737,195.2314453125,-10.762697219848633,-0.03729480504989624
880177,0,6.644264989374127,195.23876953125,-10.763402938842773,-0.03660106658935547
880178,0,6.646302272211346,195.24717712402344,-10.763960838317871,-0.03639457747340202
880179,0,6.64828640390183,195.25534057617188,-10.764504432678223,-0.03698425367474556
880180,0,6.650327758831342,195.2633514404297,-10.76495361328125,-0.03810352087020874
880181,0,6.65232417100484,195.27099609375,-10.765338897705078,-0.03929847478866577
880182,0,6.654489317030781,195.2788848876953,-10.765634536743164,-0.04024532064795494
880183,0,6.656457048697342,195.28594970703125,-10.765878677368164,-0.04110996052622795
880184,0,6.658350739517491,195.2924346923828,-10.766016960144043,-0.041818998754024506
880185,0,6.6602489720412175,195.29827880859375,-10.765945434570312,-0.042583007365465164
880186,0,6.66183672181417,195.30247497558594,-10.76566219329834,-0.043653182685375214
880187,0,6.663103019581672,195.3047637939453,-10.765088081359863,-0.044994696974754333
880188,0,6.6635228600071015,195.3038787841797,-10.76435661315918,-0.04587734118103981
880189,0,6.66425458568133,195.30279541015625,-10.763229370117188,-0.04623771458864212
880190,0,6.665135935875376,195.30169677734375,-10.761938095092773,-0.04615493491292
880191,0,6.665711844921713,195.3006591796875,-10.760616302490234,-0.0457279197871685
880192,0,6.6663881558626175,195.29974365234375,-10.759347915649414,-0.045056723058223724
880193,0,6.666925302850697,195.29891967773438,-10.758179664611816,-0.044232480227947235
880194,0,6.667216151502362,195.2981719970703,-10.757134437561035,-0.043332669883966446
880195,0,6.667192572837257,195.2975616455078,-10.756220817565918,-0.04241885989904404
880196,0,6.666690368168621,195.29702758789062,-10.755435943603516,-0.04153701663017273
880197,0,6.665393000308785,195.29660034179688,-10.754770278930664,-0.04071918502449989
880198,0,6.662159564572432,195.29624938964844,-10.754213333129883,-0.03998565673828125
880199,0,6.657203083844876,195.29595947265625,-10.753754615783691,-0.039347074925899506
880200,0,6.650407207032429,195.2957000732422,-10.753376007080078,-0.03880630433559418
880201,0,6.641180394110184,195.29550170898438,-10.753069877624512,-0.038361433893442154
880202,0,6.629638573606113,195.2953643798828,-10.752824783325195,-0.03800598159432411
880203,0,6.615076756631835,195.29522705078125,-10.752629280090332,-0.037731513381004333
880204,0,6.597854264878959,195.29513549804688,-10.75247573852539,-0.03752834349870682
880205,0,6.578147215028566,195.29505920410156,-10.752354621887207,-0.037386052310466766
880206,0,6.55598005277621,195.2949981689453,-10.752262115478516,-0.03729454055428505
880207,0,6.531373215706373,195.29493713378906,-10.752192497253418,-0.03724410757422447
880208,0,6.504461055168986,195.294921875,-10.752140045166016,-0.037226371467113495
880209,0,6.475327158097982,195.29489135742188,-10.752100944519043,-0.03723350539803505
880210,0,6.444061017252591,195.2948760986328,-10.752070426940918,-0.03725864365696907
880211,0,6.410700939415849,195.29486083984375,-10.752050399780273,-0.037296295166015625
880212,0,6.375302941269536,195.2948455810547,-10.752037048339844,-0.037342071533203125
880213,0,6.337903649542231,195.29481506347656,-10.75202751159668,-0.037391625344753265
880214,0,6.29852151606125,195.2947998046875,-10.752019882202148,-0.03744255006313324
880215,0,6.257223782723974,195.2947998046875,-10.752017974853516,-0.03749275207519531
880216,0,6.2141411362767025,195.2947998046875,-10.752015113830566,-0.03754047304391861
880217,0,6.1695254495230225,195.2947998046875,-10.75201416015625,-0.03758464753627777
880218,0,6.123667571337234,195.29478454589844,-10.752015113830566,-0.03762497007846832
880219,0,6.076763087470564,195.29478454589844,-10.752015113830566,-0.037660788744688034
880220,0,6.029166209046205,195.29478454589844,-10.752017974853516,-0.037692032754421234
880221,0,5.981506745372251,195.29478454589844,-10.752018928527832,-0.03771926835179329
880222,0,5.934458940291033,195.29478454589844,-10.752020835876465,-0.03774181380867958
880223,0,5.888640013227022,195.29478454589844,-10.752022743225098,-0.03776104003190994
880224,0,5.844604180594873,195.29478454589844,-10.75202465057373,-0.0377766415476799
880225,0,5.80287804748913,195.29478454589844,-10.752026557922363,-0.03778926655650139
880226,0,5.763947631020651,195.29478454589844,-10.75202751159668,-0.037799298763275146
880227,0,5.728070779690204,195.29478454589844,-10.752028465270996,-0.037807006388902664
880228,0,5.695384193300327,195.29478454589844,-10.752029418945312,-0.03781280294060707
880229,0,5.665941847572114,195.29478454589844,-10.752031326293945,-0.03781703859567642
880230,0,5.639849888268927,195.29478454589844,-10.752031326293945,-0.03782008960843086
880231,0,5.6171428157489895,195.2947998046875,-10.752032279968262,-0.03782211244106293
880232,0,5.597830031512692,195.2947998046875,-10.752032279968262,-0.03782321885228157
880233,0,5.5818212911498915,195.2947998046875,-10.752032279968262,-0.03782321885228157
880234,0,5.571380967498681,195.2947998046875,-10.752033233642578,-0.03782329335808754
880235,0,5.566482565723386,195.2947998046875,-10.752033233642578,-0.03782329335808754
880236,0,5.566510756562176,195.2947998046875,-10.752033233642578,-0.03782329335808754
880237,0,5.566517860911603,195.2947998046875,-10.752033233642578,-0.03782329335808754
880238,0,5.566489453596931,195.2947998046875,-10.752033233642578,-0.03782329335808754
880239,0,5.566438868277331,195.2947998046875,-10.752033233642578,-0.03782329335808754
880240,0,5.566385173544204,195.2947998046875,-10.752033233642578,-0.03782329335808754
880241,0,5.566322166991128,195.2947998046875,-10.752033233642578,-0.03782329335808754
880242,0,5.566260935083436,195.2947998046875,-10.752033233642578,-0.03782329335808754
880243,0,5.566204138341488,195.2947998046875,-10.752033233642578,-0.03782329335808754
880244,0,5.56615089974177,195.2947998046875,-10.752033233642578,-0.03782329335808754
880245,0,5.5661038696524745,195.2947998046875,-10.752033233642578,-0.03782329335808754
880246,0,5.566062164672458,195.2947998046875,-10.752033233642578,-0.03782329335808754
880247,0,5.5660324351833435,195.2947998046875,-10.752033233642578,-0.03782329335808754
880248,0,5.56599961013319,195.2947998046875,-10.752033233642578,-0.03782329335808754
880249,0,5.565972986686839,195.2947998046875,-10.752033233642578,-0.03782329335808754
880250,0,5.565949031518424,195.2947998046875,-10.752033233642578,-0.03782329335808754
880251,0,5.565928624745609,195.2947998046875,-10.752033233642578,-0.03782329335808754
880252,0,5.565928624745609,195.2947998046875,-10.752033233642578,-0.03782329335808754
880253,0,5.565925375390646,195.2947540283203,-10.752001762390137,-0.03782596439123154
880254,0,5.565958831601827,195.2947235107422,-10.751943588256836,-0.03782886266708374
880255,0,5.566014771707648,195.294677734375,-10.75185489654541,-0.0378328301012516
880256,0,5.566121045559328,195.2946319580078,-10.751710891723633,-0.03783927857875824
880257,0,5.566301799593839,195.2945098876953,-10.751456260681152,-0.0378507599234581
880258,0,5.566624523625507,195.2942657470703,-10.750999450683594,-0.03787212446331978
880259,0,5.567321382059751,195.29380798339844,-10.750052452087402,-0.037920646369457245
880260,0,5.571580437745843,195.29115295410156,-10.744366645812988,-0.03830162063241005
880261,0,5.579404243109012,195.2861328125,-10.733880043029785,-0.03885993734002113
880262,0,5.590129988655681,195.2791748046875,-10.719497680664062,-0.039444275200366974
880263,0,5.603426001833838,195.27056884765625,-10.701712608337402,-0.03998351842164993
880264,0,5.619113451256201,195.2604522705078,-10.680798530578613,-0.04044834151864052
880265,0,5.63709779959075,195.24891662597656,-10.656916618347168,-0.04083091765642166
880266,0,5.657358632392461,195.236083984375,-10.630162239074707,-0.04113506153225899
880267,0,5.67986666849124,195.22195434570312,-10.600591659545898,-0.04136863723397255
880268,0,5.704631918503061,195.20657348632812,-10.568242073059082,-0.04154247045516968
880269,0,5.731689296864044,195.19000244140625,-10.533130645751953,-0.04166717454791069
880270,0,5.761033681908701,195.1721954345703,-10.495271682739258,-0.04175243154168129
880271,0,5.792734258748009,195.1532745361328,-10.454669952392578,-0.04180724918842316
880272,0,5.826811188256473,195.1332244873047,-10.411331176757812,-0.04183799773454666
880273,0,5.8632894572309775,195.11203002929688,-10.365255355834961,-0.04185169190168381
880274,0,5.902223729865065,195.0897674560547,-10.31644344329834,-0.04185298830270767
880275,0,5.943645139716141,195.06643676757812,-10.264897346496582,-0.04184532165527344
880276,0,5.9875973621287555,195.0420684814453,-10.210613250732422,-0.041831932961940765
880277,0,6.033942055002789,195.0167694091797,-10.153803825378418,-0.041799429804086685
880278,0,6.082573197157391,194.99081420898438,-10.09469223022461,-0.041737060993909836
880279,0,6.133899985007685,194.96432495117188,-10.03291130065918,-0.04167957231402397
880280,0,6.188168191696914,194.9373016357422,-9.968222618103027,-0.04164039343595505
880281,0,6.245480796693424,194.90982055664062,-9.900566101074219,-0.04161708801984787
880282,0,6.306046031609837,194.88189697265625,-9.82992172241211,-0.04160507023334503
880283,0,6.369061157514794,194.85354614257812,-9.75628662109375,-0.041600074619054794
880284,0,6.435199050485958,194.8248748779297,-9.679667472839355,-0.041599005460739136
880285,0,6.504428766923118,194.79586791992188,-9.600085258483887,-0.041598472744226456
880286,0,6.57669867328422,194.7666015625,-9.517562866210938,-0.041596945375204086
880287,0,6.6519407023111174,194.7371063232422,-9.432132720947266,-0.04159229248762131
880288,0,6.730019098618439,194.7073974609375,-9.343830108642578,-0.041583478450775146
880289,0,6.810263783464831,194.677490234375,-9.25269603729248,-0.04157020524144173
880290,0,6.891895780413178,194.64747619628906,-9.158774375915527,-0.04155193269252777
880291,0,6.974929170951232,194.61732482910156,-9.06210994720459,-0.041528623551130295
880292,0,7.059339582622167,194.58705139160156,-8.962752342224121,-0.04150081425905228
880293,0,7.144880985435314,194.55667114257812,-8.860751152038574,-0.04146865755319595
880294,0,7.230909333666165,194.5262451171875,-8.756156921386719,-0.04143180698156357
880295,0,7.317049937535368,194.49571228027344,-8.64902114868164,-0.041391678154468536
880296,0,7.4028383587258215,194.4651336669922,-8.539399147033691,-0.04134834185242653
880297,0,7.48813752673002,194.43446350097656,-8.427340507507324,-0.04130195453763008
880298,0,7.5731842343950655,194.4037322998047,-8.312897682189941,-0.04125320166349411
880299,0,7.658124054106093,194.3729248046875,-8.196125030517578,-0.041202809661626816
880300,0,7.742809617278911,194.342041015625,-8.077324867248535,-0.04113273695111275
880301,0,7.827257884993895,194.31130981445312,-7.95662260055542,-0.04104575887322426
880302,0,7.911839676199946,194.2810516357422,-7.833740711212158,-0.04076045751571655
880303,0,7.996762026981456,194.25135803222656,-7.708549499511719,-0.04055671766400337
880304,0,8.082105328408222,194.2224578857422,-7.581017971038818,-0.040415916591882706
880305,0,8.16785239338113,194.1943359375,-7.451180458068848,-0.04032135009765625
880306,0,8.253961923835218,194.16702270507812,-7.319096565246582,-0.040257565677165985
880307,0,8.34034770190493,194.1404571533203,-7.184836387634277,-0.04021427035331726
880308,0,8.426941355798206,194.1146240234375,-7.048468589782715,-0.04018260911107063
880309,0,8.513662050109613,194.08944702148438,-6.910060882568359,-0.04015762358903885
880310,0,8.600435415979247,194.0648651123047,-6.769679546356201,-0.040135458111763
880311,0,8.68719430415938,194.04083251953125,-6.627384662628174,-0.04011356085538864
880312,0,8.773912694132864,194.0172576904297,-6.483226776123047,-0.0400911308825016
880313,0,8.858831048687284,193.99436950683594,-6.339014530181885,-0.03993907943367958
880314,0,8.941868289930339,193.9720916748047,-6.194826602935791,-0.03971267491579056
880315,0,9.022966941463697,193.9503631591797,-6.0508294105529785,-0.03944084048271179
880316,0,9.10236503303225,193.92929077148438,-5.9069504737854,-0.03916267305612564
880317,0,9.180550609060637,193.90907287597656,-5.763034343719482,-0.03890460729598999
880318,0,9.258207259046685,193.88986206054688,-5.619025707244873,-0.03867599368095398
880319,0,9.335793140637938,193.8716583251953,-5.474912643432617,-0.03847835585474968
880320,0,9.413257530860662,193.8544464111328,-5.330704689025879,-0.03831016272306442
880321,0,9.490637754017522,193.8381805419922,-5.1864213943481445,-0.03816848620772362
880322,0,9.56788569005325,193.82276916503906,-5.042083740234375,-0.03804977238178253
880323,0,9.644855240885837,193.80810546875,-4.8977131843566895,-0.03795131668448448
880324,0,9.721327471340818,193.7941131591797,-4.753327369689941,-0.037869833409786224
880325,0,9.797039550085081,193.78073120117188,-4.608942985534668,-0.037802428007125854
880326,0,9.8717532449851,193.76788330078125,-4.464572429656982,-0.03774707764387131
880327,0,9.94527311758815,193.75547790527344,-4.320228099822998,-0.03770187124609947
880328,0,10.01735932332562,193.74346923828125,-4.176012992858887,-0.03765735402703285
880329,0,10.08795055287876,193.73190307617188,-4.031875133514404,-0.03762027621269226
880330,0,10.157003992468725,193.72093200683594,-3.887767791748047,-0.03759254515171051
880331,0,10.224452901638957,193.71058654785156,-3.743680238723755,-0.037572477012872696
880332,0,10.29022934373379,193.70089721679688,-3.599614143371582,-0.03755806013941765
880333,0,10.355194763258968,193.69178771972656,-3.4546432495117188,-0.03762485459446907
880334,0,10.421818686767022,193.68310546875,-3.3062405586242676,-0.03791316971182823
880335,0,10.490086899893063,193.67477416992188,-3.154627561569214,-0.03830482438206673
880336,0,10.561257455267382,193.66677856445312,-2.9999537467956543,-0.03872722387313843
880337,0,10.635439230707405,193.65904235839844,-2.8423311710357666,-0.03913692384958267
880338,0,10.712537653592063,193.6515350341797,-2.681844711303711,-0.039510343223810196
880339,0,10.792487354079514,193.644287109375,-2.5185625553131104,-0.03983638808131218
880340,0,10.875219066186661,193.63723754882812,-2.352540969848633,-0.04011176899075508
880341,0,10.960682767678664,193.63037109375,-2.1838278770446777,-0.040337637066841125
880342,0,11.048790578340668,193.62359619140625,-2.0125067234039307,-0.04051525145769119
880343,0,11.139537668309162,193.61700439453125,-1.8385893106460571,-0.04065284505486488
880344,0,11.232909384885984,193.61073303222656,-1.662094235420227,-0.0407569482922554
880345,0,11.328879908900584,193.6048583984375,-1.4830514192581177,-0.040832825005054474
880346,0,11.427413896268373,193.59939575195312,-1.3014941215515137,-0.04088500887155533
880347,0,11.528478057422973,193.5943145751953,-1.1174572706222534,-0.04091750830411911
880348,0,11.63203200546147,193.589599609375,-0.9309759140014648,-0.04093406721949577
880349,0,11.738042787322028,193.5852508544922,-0.7420847415924072,-0.040937576442956924
880350,0,11.846473996813163,193.5812225341797,-0.5508179664611816,-0.04093078523874283
880351,0,11.957288518750305,193.5774688720703,-0.35720905661582947,-0.04091571643948555
880352,0,12.070458161064426,193.57394409179688,-0.1612904667854309,-0.040894318372011185
880353,0,12.185935182227283,193.5706329345703,0.036895330995321274,-0.040867310017347336
880354,0,12.30369676426257,193.5675506591797,0.23732402920722961,-0.04083694517612457
880355,0,12.42371708370145,193.564697265625,0.4399697482585907,-0.04080444201827049
880356,0,12.544440976673886,193.56216430664062,0.6448045969009399,-0.04077022522687912
880357,0,12.664730895988347,193.55992126464844,0.8517995476722717,-0.04073493927717209
880358,0,12.784659919860205,193.55796813964844,1.0609253644943237,-0.040699347853660583
880359,0,12.904284554244411,193.55625915527344,1.272153615951538,-0.04066333547234535
880360,0,13.023647436114778,193.55484008789062,1.485455870628357,-0.04062740132212639
880361,0,13.142776791847144,193.5535888671875,1.7008050680160522,-0.04059123992919922
880362,0,13.26169354562697,193.5525360107422,1.918172001838684,-0.04055526480078697
880363,0,13.380418819431355,193.5516815185547,2.1375317573547363,-0.04051956161856651
880364,0,13.498958793380185,193.5509796142578,2.358858346939087,-0.040484391152858734
880365,0,13.617317588152366,193.5504608154297,2.582127332687378,-0.04044944792985916
880366,0,13.73549694954741,193.55010986328125,2.8073132038116455,-0.04041526839137077
880367,0,13.853494381538738,193.54994201660156,3.034391164779663,-0.040381696075201035
880368,0,13.971303847887505,193.5498809814453,3.263336658477783,-0.04034843295812607
880369,0,14.088915886499056,193.54995727539062,3.494127035140991,-0.04031562805175781
880370,0,14.206322752250927,193.5501251220703,3.7267379760742188,-0.040283508598804474
880371,0,14.323514047830939,193.55043029785156,3.961146354675293,-0.04025180637836456
880372,0,14.44047416729221,193.55078125,4.197329521179199,-0.04022056609392166
880373,0,14.557196154239616,193.55120849609375,4.43526554107666,-0.04018981754779816
880374,0,14.673665409740279,193.55165100097656,4.67493200302124,-0.04015953093767166
880375,0,14.789871266797423,193.55213928222656,4.91630744934082,-0.04012973606586456
880376,0,14.90579588168341,193.5526580810547,5.159369945526123,-0.04010051488876343
880377,0,15.021433843040162,193.55322265625,5.404098987579346,-0.04007156193256378
880378,0,15.136770938054369,193.55377197265625,5.650473594665527,-0.04004310443997383
880379,0,15.251796036421863,193.55433654785156,5.898472785949707,-0.04001498967409134
880380,0,15.366498176882853,193.5548858642578,6.148076057434082,-0.03998729586601257
880381,0,15.480862863004235,193.55540466308594,6.399264335632324,-0.03995998203754425
880382,0,15.594880616059596,193.5558624267578,6.652017593383789,-0.03993312641978264
880383,0,15.708541424786537,193.55628967285156,6.906316757202148,-0.03990672901272774
880384,0,15.821831178672547,193.55661010742188,7.162143230438232,-0.039880599826574326
880385,0,15.934739434428746,193.556884765625,7.419477939605713,-0.03985481336712837
880386,0,16.0472546921927,193.55706787109375,7.6783013343811035,-0.039829328656196594
880387,0,16.159367498902977,193.5572052001953,7.938594341278076,-0.03980422765016556
880388,0,16.271064187540603,193.55726623535156,8.200339317321777,-0.03977939486503601
880389,0,16.38233473479302,193.55722045898438,8.463518142700195,-0.03975483030080795
880390,0,16.49316916296037,193.55706787109375,8.728114128112793,-0.03973083570599556
880391,0,16.603557007707682,193.55674743652344,8.994110107421875,-0.03970710560679436
880392,0,16.713488313946588,193.5563201904297,9.26148796081543,-0.03968372195959091
880393,0,16.822631777337318,193.55575561523438,9.52991008758545,-0.03963470458984375
880394,0,16.929775598116088,193.55503845214844,9.798155784606934,-0.039487648755311966
880395,0,17.034881659706027,193.55422973632812,10.066180229187012,-0.03928627073764801
880396,0,17.13799323472008,193.55331420898438,10.334019660949707,-0.03906490281224251
880397,0,17.23913613677462,193.55226135253906,10.601694107055664,-0.03884490951895714
880398,0,17.338329018291404,193.55108642578125,10.869214057922363,-0.03863784670829773
880399,0,17.435584329868597,193.5497589111328,11.13658618927002,-0.03845081105828285
880400,0,17.530912511490204,193.54830932617188,11.403814315795898,-0.03828594088554382
880401,0,17.62431930384225,193.5467529296875,11.670896530151367,-0.03814346343278885
880402,0,17.715811999413255,193.54505920410156,11.937833786010742,-0.03802219405770302
880403,0,17.805393420882865,193.5432586669922,12.204622268676758,-0.037920303642749786
880404,0,17.893070669636966,193.54136657714844,12.471261978149414,-0.037835463881492615
880405,0,17.978846803652345,193.53936767578125,12.737749099731445,-0.037765540182590485
880406,0,18.06272385562946,193.5372772216797,13.004080772399902,-0.03770824521780014
880407,0,18.144710404431958,193.5350799560547,13.270256996154785,-0.037661705166101456
880408,0,18.224811659091607,193.53280639648438,13.536277770996094,-0.03762397542595863
880409,0,18.303030150397152,193.5304718017578,13.802138328552246,-0.03759372606873512
880410,0,18.379373430473503,193.52806091308594,14.067840576171875,-0.037569157779216766
880411,0,18.45384375205266,193.52560424804688,14.333379745483398,-0.037549857050180435
880412,0,18.52644958378923,193.52310180664062,14.59875774383545,-0.037534408271312714
880413,0,18.59719754723336,193.52056884765625,14.863975524902344,-0.03752201050519943
880414,0,18.667737704109335,193.51795959472656,15.130677223205566,-0.037637822329998016
880415,0,18.738628588687604,193.51528930664062,15.399415016174316,-0.0378604494035244
880416,0,18.810198029651513,193.51255798339844,15.670133590698242,-0.03813178837299347
880417,0,18.883762107989558,193.50978088378906,15.942793846130371,-0.03841526061296463
880418,0,18.95933227934788,193.50694274902344,16.217369079589844,-0.0386885441839695
880419,0,19.036881752209638,193.5040740966797,16.49384117126465,-0.038939476013183594
880420,0,19.11639609829645,193.5011444091797,16.772199630737305,-0.0391622930765152
880421,0,19.19786529912761,193.49818420410156,17.05243682861328,-0.03935485705733299
880422,0,19.28127498146489,193.49517822265625,17.33453941345215,-0.03951820358633995
880423,0,19.366624676981985,193.49212646484375,17.618507385253906,-0.03965446352958679
880424,0,19.453900955462174,193.489013671875,17.904327392578125,-0.039765968918800354
880425,0,19.54310302671766,193.48590087890625,18.191997528076172,-0.039855919778347015
880426,0,19.63422305912015,193.4827117919922,18.481510162353516,-0.039927367120981216
880427,0,19.727248388588535,193.47950744628906,18.772851943969727,-0.03998302295804024
880428,0,19.822175432221794,193.4762725830078,19.06601905822754,-0.040025558322668076
880429,0,19.918993333896772,193.47300720214844,19.360998153686523,-0.0400569923222065
880430,0,20.01769202396995,193.46969604492188,19.657779693603516,-0.04007938131690025
880431,0,20.118264837380597,193.46636962890625,19.956357955932617,-0.04009437561035156
880432,0,20.220697100631977,193.46298217773438,20.256717681884766,-0.04010307043790817
880433,0,20.324977600813806,193.45957946777344,20.558847427368164,-0.04010707885026932
880434,0,20.431098933784074,193.45614624023438,20.86273956298828,-0.0401068851351738
880435,0,20.539046200836456,193.45269775390625,21.168378829956055,-0.04010379686951637
880436,0,20.64880901911319,193.44918823242188,21.475753784179688,-0.04009819030761719
880437,0,20.758683046194967,193.44566345214844,21.78485870361328,-0.04009048268198967
880438,0,20.868064149993746,193.44212341308594,22.09567642211914,-0.04008113592863083
880439,0,20.977037381277842,193.43853759765625,22.40819549560547,-0.04007068648934364
880440,0,21.08568381034703,193.43495178222656,22.72240447998047,-0.04005927965044975
880441,0,21.19407271191816,193.4313201904297,23.038293838500977,-0.040047187358140945
880442,0,21.302256981507448,193.4276885986328,23.35584831237793,-0.04003436863422394
880443,0,21.410285728684126,193.4240264892578,23.675058364868164,-0.04002120718359947
880444,0,21.518192822764988,193.4203338623047,23.995906829833984,-0.040007855743169785
880445,0,21.626019163103674,193.41661071777344,24.318389892578125,-0.03999427706003189
880446,0,21.733790869511346,193.4128875732422,24.642494201660156,-0.03998046740889549
880447,0,21.841527139597485,193.4091339111328,24.968204498291016,-0.039966583251953125
880448,0,21.949248982820745,193.4053497314453,25.29551124572754,-0.03995262086391449
880449,0,22.05697006730212,193.4015655517578,25.62440299987793,-0.03993869572877884
880450,0,22.164705069294296,193.3977508544922,25.954870223999023,-0.039924733340740204
880451,0,22.272475667045477,193.3939208984375,26.28689956665039,-0.039910927414894104
880452,0,22.38031140654136,193.3900604248047,26.6204833984375,-0.039897117763757706
880453,0,22.488226402658878,193.3861846923828,26.955604553222656,-0.03988334536552429
880454,0,22.59625882523993,193.3822784423828,27.292255401611328,-0.039869535714387894
880455,0,22.704462833207625,193.3783721923828,27.630428314208984,-0.03985584154725075
880456,0,22.81289668728742,193.3744354248047,27.97010612487793,-0.03984230011701584
880457,0,22.92162936412989,193.37049865722656,28.311281204223633,-0.039828911423683167
880458,0,23.03072510272599,193.36651611328125,28.65394401550293,-0.03981555998325348
880459,0,23.140246358573535,193.36253356933594,28.998083114624023,-0.03980236127972603
880460,0,23.250246471196064,193.35853576660156,29.34368896484375,-0.03978923708200455
880461,0,23.360775521392473,193.35450744628906,29.690746307373047,-0.039776112884283066
880462,0,23.471897994732284,193.3504638671875,30.039249420166016,-0.03976306691765785
880463,0,23.583668137317957,193.34640502929688,30.38918685913086,-0.039750173687934875
880464,0,23.69614483091672,193.34234619140625,30.740549087524414,-0.039737433195114136
880465,0,23.809397112400358,193.33824157714844,31.093324661254883,-0.03972472995519638
880466,0,23.923496551116074,193.33413696289062,31.44750213623047,-0.03971214219927788
880467,0,24.03852128885186,193.33001708984375,31.803075790405273,-0.03969966620206833
880468,0,24.154541820970667,193.3258819580078,32.1600341796875,-0.039687156677246094
880469,0,24.271619750778793,193.32171630859375,32.518367767333984,-0.039674948900938034
880470,0,24.38980810357371,193.31753540039062,32.8780632019043,-0.03966262564063072
880471,0,24.509159957837223,193.3133544921875,33.23911666870117,-0.039650533348321915
880472,0,24.629721569701317,193.30914306640625,33.60151290893555,-0.03963844105601311
880473,0,24.751545555992212,193.30491638183594,33.965248107910156,-0.039626769721508026
880474,0,24.873851061624407,193.3007049560547,34.32948303222656,-0.03955257311463356
880475,0,24.995968736984313,193.29647827148438,34.69349670410156,-0.039395369589328766
880476,0,25.117884982819515,193.2922821044922,35.05723190307617,-0.03919227421283722
880477,0,25.239667791228527,193.28805541992188,35.420711517333984,-0.03897399827837944
880478,0,25.36138576585739,193.28384399414062,35.78395080566406,-0.03875900059938431
880479,0,25.483119035412418,193.2796173095703,36.146968841552734,-0.03855857625603676
880480,0,25.604929617773188,193.27540588378906,36.509761810302734,-0.038378141820430756
880481,0,25.726880068319886,193.27120971679688,36.872337341308594,-0.03821956366300583
880482,0,25.84901083328456,193.26698303222656,37.23469161987305,-0.03808288648724556
880483,0,25.97135473779489,193.2627716064453,37.59682846069336,-0.03796680271625519
880484,0,26.093935871748762,193.258544921875,37.958740234375,-0.037869300693273544
880485,0,26.216780013069638,193.25433349609375,38.32042694091797,-0.03778846561908722
880486,0,26.33991046066545,193.25015258789062,38.68189239501953,-0.03772163391113281
880487,0,26.46332427412871,193.2459716796875,39.04312515258789,-0.037667158991098404
880488,0,26.587023101617707,193.24179077148438,39.40413284301758,-0.03762271627783775
880489,0,26.71097385199937,193.23760986328125,39.7649040222168,-0.03758678212761879
880490,0,26.835158735338457,193.23342895507812,40.12544250488281,-0.03755790740251541
880491,0,26.959554966438134,193.229248046875,40.485748291015625,-0.03753475099802017
880492,0,27.084124356773902,193.2250518798828,40.84581756591797,-0.03751621022820473
880493,0,27.208843385133285,193.2208709716797,41.205657958984375,-0.037501487880945206
880494,0,27.33399598552859,193.21669006347656,41.56557846069336,-0.03751590475440025
880495,0,27.460660498496456,193.21250915527344,41.92668533325195,-0.03762565553188324
880496,0,27.5889106352405,193.20831298828125,42.28907775878906,-0.03779483586549759
880497,0,27.718747066532785,193.2041015625,42.65278625488281,-0.03799278289079666
880498,0,27.85014873714928,193.1998748779297,43.01783752441406,-0.038199082016944885
880499,0,27.983085385256594,193.19561767578125,43.384246826171875,-0.03840118274092674
880500,0,28.117544530942677,193.1913604736328,43.75204086303711,-0.0385909266769886
880501,0,28.25351124474237,193.1870880126953,44.12123489379883,-0.0387641116976738
880502,0,28.39098363749889,193.18276977539062,44.49184036254883,-0.03891880065202713
880503,0,28.529964139822987,193.17845153808594,44.86387252807617,-0.03905471786856651
880504,0,28.67044172530018,193.1741180419922,45.23733901977539,-0.039172325283288956
880505,0,28.81241160105743,193.16978454589844,45.61224365234375,-0.03927295655012131
880506,0,28.955879836572656,193.1654052734375,45.98859405517578,-0.039358291774988174
880507,0,29.100846134154366,193.16102600097656,46.36639404296875,-0.03942981734871864
880508,0,29.24733690713374,193.15663146972656,46.74565505981445,-0.03948913514614105
880509,0,29.39533280929539,193.1522216796875,47.12636184692383,-0.03953811526298523
880510,0,29.5448446865858,193.1477813720703,47.508514404296875,-0.03957805410027504
880511,0,29.695896864169036,193.14334106445312,47.89212417602539,-0.03961009904742241
880512,0,29.848486192568256,193.13888549804688,48.27717590332031,-0.039635468274354935
880513,0,30.002619740154707,193.13438415527344,48.66366958618164,-0.0396554172039032
880514,0,30.15829874503186,193.12989807128906,49.051605224609375,-0.03967060148715973
880515,0,30.315503582204805,193.1253662109375,49.44097900390625,-0.0396818146109581
880516,0,30.474221357309737,193.12083435058594,49.831790924072266,-0.039689939469099045
880517,0,30.634407766570778,193.1162872314453,50.22402572631836,-0.03969520330429077
880518,0,30.796035328171886,193.11170959472656,50.61768341064453,-0.03969821706414223
880519,0,30.959048517826133,193.10714721679688,51.01275634765625,-0.03969932347536087
880520,0,31.123414345787147,193.1025390625,51.40924072265625,-0.03969894349575043
880521,0,31.289092539087118,193.09793090820312,51.80712890625,-0.03969726338982582
880522,0,31.456064247662425,193.09329223632812,52.2064208984375,-0.03969459608197212
880523,0,31.62429132736815,193.08865356445312,52.60710144042969,-0.039691198617219925
880524,0,31.793754485089433,193.083984375,53.00917434692383,-0.039686888456344604
880525,0,31.964416017361405,193.0792999267578,53.41262435913086,-0.03968215733766556
880526,0,32.13627101083594,193.07460021972656,53.81745529174805,-0.039677124470472336
880527,0,32.30929151841855,193.06988525390625,54.22365188598633,-0.039671629667282104
880528,0,32.48346756732426,193.06515502929688,54.6312141418457,-0.039665717631578445
880529,0,32.65876820949192,193.06040954589844,55.04012680053711,-0.0396595373749733
880530,0,32.83520636521219,193.05563354492188,55.45039749145508,-0.039653241634368896
880531,0,33.01277419760632,193.05087280273438,55.86201477050781,-0.03964698687195778
880532,0,33.19147427378873,193.0460662841797,56.27496337890625,-0.03964042663574219
880533,0,33.37131739551041,193.041259765625,56.68925094604492,-0.03963378816843033
880534,0,33.552311203423635,193.03643798828125,57.10486602783203,-0.03962714970111847
880535,0,33.73445909591828,193.03160095214844,57.52179718017578,-0.03962043672800064
880536,0,33.91778397668068,193.02674865722656,57.94004821777344,-0.03961368650197983
880537,0,34.102295614125815,193.02186584472656,58.35960388183594,-0.03960704803466797
880538,0,34.28801987842195,193.01698303222656,58.78046417236328,-0.03960025683045387
880539,0,34.40462975894524,193.01617431640625,59.13231658935547,-0.04067985340952873
880540,0,34.446824900512894,193.01747131347656,59.409793853759766,-0.04230022430419922
880541,0,34.49894061157336,193.01622009277344,59.69715118408203,-0.04283115267753601
880542,0,34.553169811848136,193.01315307617188,59.98654556274414,-0.04290096089243889
880543,0,34.609763510108344,193.00881958007812,60.2782096862793,-0.04273677617311478
880544,0,34.66890028190474,193.00364685058594,60.57230758666992,-0.04247516393661499
880545,0,34.73062355051852,192.99798583984375,60.86888885498047,-0.04219196364283562
880546,0,34.794920144433206,192.99215698242188,61.1679573059082,-0.04192611575126648
880547,0,34.86174016297468,192.98635864257812,61.4694709777832,-0.041694410145282745
880548,0,34.93101503450896,192.98077392578125,61.773372650146484,-0.0415010079741478
880549,0,35.0026604402149,192.97544860839844,62.07959747314453,-0.0413428470492363
880550,0,35.07658975325135,192.970458984375,62.3880729675293,-0.0412147119641304
880551,0,35.152707625575594,192.96583557128906,62.69872283935547,-0.041109807789325714
880552,0,35.230936079971386,192.96157836914062,63.01150131225586,-0.041021957993507385
880553,0,35.31119814402404,192.9575958251953,63.32633972167969,-0.0409463495016098
880554,0,35.393095014658236,192.95388793945312,63.642860412597656,-0.040853116661310196
880555,0,35.47502791952622,192.95040893554688,63.959476470947266,-0.040643539279699326
880556,0,35.556684500562156,192.9470977783203,64.27587890625,-0.040353354066610336
880557,0,35.629427190867084,192.944091796875,64.58344268798828,-0.040280990302562714
880558,0,35.69062175211547,192.9414825439453,64.87952423095703,-0.04039657488465309
880559,0,35.74973631506901,192.93899536132812,65.17357635498047,-0.04032077640295029
880560,0,35.807065342538166,192.93667602539062,65.46588897705078,-0.04011669009923935
880561,0,35.86272139390485,192.9344940185547,65.75656127929688,-0.03984542936086655
880562,0,35.91680596330527,192.93240356445312,66.0456771850586,-0.0395473837852478
880563,0,35.96939305359676,192.93040466308594,66.33329772949219,-0.03924793004989624
880564,0,36.02053969598841,192.928466796875,66.61946868896484,-0.03896297514438629
880565,0,36.07030330635552,192.9265594482422,66.90422821044922,-0.03870147466659546
880566,0,36.11873499706889,192.92466735839844,67.18761444091797,-0.03846778720617294
880567,0,36.16589141375974,192.92279052734375,67.46966552734375,-0.03826282545924187
880568,0,36.21181662390014,192.9208984375,67.75040435791016,-0.03808631747961044
880569,0,36.25654420450448,192.91900634765625,68.02986145019531,-0.037936095148324966
880570,0,36.30013233714514,192.91708374023438,68.30807495117188,-0.03780914098024368
880571,0,36.34261841890681,192.91517639160156,68.5850830078125,-0.03770320862531662
880572,0,36.38403507796078,192.9132537841797,68.86090850830078,-0.03761523962020874
880573,0,36.42441628713133,192.9113311767578,69.13557434082031,-0.03754253312945366
880574,0,36.463830915565865,192.90940856933594,69.40913391113281,-0.03748267889022827
880575,0,36.50287809663743,192.9075164794922,69.68218231201172,-0.03757259249687195
880576,0,36.54173331438425,192.9056396484375,69.95491790771484,-0.03780582174658775
880577,0,36.58036278308562,192.90377807617188,70.22732543945312,-0.03811553865671158
880578,0,36.61870183482759,192.90196228027344,70.49935150146484,-0.038456764072179794
880579,0,36.656743019361805,192.9001922607422,70.77101135253906,-0.03879913315176964
880580,0,36.69446398740795,192.89845275878906,71.04229736328125,-0.03912341967225075
880581,0,36.7318485831765,192.8967742919922,71.3132095336914,-0.03941936418414116
880582,0,36.76890568743607,192.89517211914062,71.58375549316406,-0.03968169912695885
880583,0,36.805662343401096,192.89358520507812,71.85396575927734,-0.03990863636136055
880584,0,36.842144888680245,192.89208984375,72.12383270263672,-0.0401020422577858
880585,0,36.87841504200576,192.890625,72.39337921142578,-0.04026348143815994
880586,0,36.91449914022558,192.8892364501953,72.66261291503906,-0.04039565846323967
880587,0,36.950481605268635,192.88790893554688,72.93155670166016,-0.040502358227968216
880588,0,36.98639276224796,192.88665771484375,73.20021057128906,-0.04058711975812912
880589,0,37.022289982130154,192.885498046875,73.46858215332031,-0.040652960538864136
880590,0,37.05818468994074,192.88442993164062,73.73668670654297,-0.04070289433002472
880591,0,37.094069071549555,192.88343811035156,74.00454711914062,-0.04074062407016754
880592,0,37.12988174587494,192.8825225830078,74.27215576171875,-0.040767669677734375
880593,0,37.16560727974061,192.8816680908203,74.53953552246094,-0.040786437690258026
880594,0,37.201202545727234,192.88095092773438,74.80668640136719,-0.04079841449856758
880595,0,37.23664848114967,192.8803253173828,75.07362365722656,-0.04080486297607422
880596,0,37.2719252024638,192.8798370361328,75.34034729003906,-0.04080692306160927
880597,0,37.30701300691073,192.87948608398438,75.60685729980469,-0.0408053956925869
880598,0,37.34190495253025,192.87921142578125,75.8731689453125,-0.04080310836434364
880599,0,37.37660375040859,192.87905883789062,76.1393051147461,-0.040799062699079514
880600,0,37.411094194745345,192.87901306152344,76.4052505493164,-0.040793951600790024
880601,0,37.44539128194787,192.87911987304688,76.6710205078125,-0.040787771344184875
880602,0,37.47949873744335,192.8793487548828,76.9366226196289,-0.040779341012239456
880603,0,37.51339024975164,192.87966918945312,77.2020263671875,-0.04076728597283363
880604,0,37.54709976309404,192.88015747070312,77.46727752685547,-0.04075324907898903
880605,0,37.5806008257236,192.8808135986328,77.73235321044922,-0.040739286690950394
880606,0,37.61390207018734,192.88156127929688,77.99726867675781,-0.04072974994778633
880607,0,37.6470145617878,192.88246154785156,78.26203918457031,-0.04072257876396179
880608,0,37.67992049052372,192.88345336914062,78.52665710449219,-0.040716055780649185
880609,0,37.71261565223197,192.8845977783203,78.7911148071289,-0.04070934280753136
880610,0,37.74508018253832,192.88595581054688,79.055419921875,-0.040701866149902344
880611,0,37.77731912444592,192.88748168945312,79.319580078125,-0.040693093091249466
880612,0,37.809301879640756,192.88917541503906,79.5835952758789,-0.04068366810679436
880613,0,37.84098668743454,192.8910369873047,79.84745025634766,-0.040672607719898224
880614,0,37.8723669154381,192.8929901123047,80.11116027832031,-0.04066634923219681
880615,0,37.90344664944342,192.89503479003906,80.37474822998047,-0.04066135361790657
880616,0,37.93419892569858,192.89718627929688,80.63819885253906,-0.04065631702542305
880617,0,37.964612057169155,192.8994903564453,80.90149688720703,-0.04065002501010895
880618,0,37.9946898826545,192.90196228027344,81.1646499633789,-0.04064185917377472
880619,0,38.02442504113326,192.90464782714844,81.42765045166016,-0.040631141513586044
880620,0,38.05379894904487,192.90750122070312,81.69048309326172,-0.04061782732605934
880621,0,38.082873565899824,192.91043090820312,81.95320892333984,-0.04061046615242958
880622,0,38.11163772121879,192.9134063720703,82.2157974243164,-0.04060577228665352
