ts,agent_id,x,y,z,v
5110582,0,192.36241149902344,-86.26268005371094,0.5347328782081604,0.0
5110583,0,192.36241149902344,-86.26268005371094,0.4873131513595581,0.0
5110584,0,192.36241149902344,-86.26268005371094,0.43378135561943054,0.0
5110585,0,192.36241149902344,-86.26268005371094,0.37413910031318665,0.0
5110586,0,192.36241149902344,-86.26268005371094,0.3083879053592682,0.0
5110587,0,192.36241149902344,-86.26268005371094,0.23652930557727814,0.0
5110588,0,192.36241149902344,-86.26268005371094,0.15856479108333588,0.0
5110589,0,192.36241149902344,-86.26268005371094,0.07449592649936676,0.0
5110590,0,192.36241149902344,-86.26268005371094,-0.0014325713273137808,6.922575494259721e-08
5110591,0,192.36241149902344,-86.26268005371094,-0.04976116120815277,2.0541843699538408e-07
5110592,0,192.36241149902344,-86.26268005371094,-0.0790141299366951,5.2471995195510414e-08
5110593,0,192.36241149902344,-86.26268005371094,-0.09499464184045792,8.291078554746575e-08
5110594,0,192.36241149902344,-86.26268005371094,-0.09607665985822678,0.0018298799666841435
5110595,0,192.36241149902344,-86.2625503540039,-0.09360036998987198,0.006434452264904631
5110596,0,192.36244201660156,-86.26248168945312,-0.08894706517457962,0.0026654871621088374
5110597,0,192.36244201660156,-86.262451171875,-0.08312385529279709,0.0007267276511840795
5110598,0,192.36244201660156,-86.26243591308594,-0.07681392133235931,0.0002669808359892859
5110599,0,192.36245727539062,-86.262451171875,-0.07046787440776825,0.0007198110498731716
5110600,0,192.36245727539062,-86.26246643066406,-0.06437087804079056,0.0009065876526712293
5110601,0,192.36244201660156,-86.26248931884766,-0.05869167298078537,0.0009505249482208843
5110602,0,192.36244201660156,-86.26251983642578,-0.05351840704679489,0.0009213498750997158
5110603,0,192.36241149902344,-86.26253509521484,-0.04888515546917915,0.0008579278299858979
5110604,0,192.36241149902344,-86.26256561279297,-0.04478984698653221,0.0007805160992833821
5110605,0,192.36244201660156,-86.26258850097656,-0.041208572685718536,0.000699795946384993
5110606,0,192.36245727539062,-86.26260375976562,-0.03810405731201172,0.0006216784717002631
5110607,0,192.36245727539062,-86.26262664794922,-0.03543254733085632,0.0005490836685274213
5110608,0,192.3624725341797,-86.26264190673828,-0.03314792737364769,0.0004831005289598961
5110609,0,192.3625030517578,-86.26265716552734,-0.03120456635951996,0.0004236130534147589
5110610,0,192.3625030517578,-86.26266479492188,-0.029559249058365822,0.0003707023039456425
5110611,0,192.3625030517578,-86.2626724243164,-0.028171958401799202,0.0003238031973859243
5110612,0,192.36251831054688,-86.26268005371094,-0.02700645476579666,0.0002826976252401391
5110613,0,192.36251831054688,-86.2626953125,-0.026030387729406357,0.0002466073111794123
5110614,0,192.36251831054688,-86.26270294189453,-0.02521541528403759,0.0002150885725588139
5110615,0,192.36253356933594,-86.26270294189453,-0.0245367418974638,0.00018745511919494572
5110616,0,192.36253356933594,-86.26271057128906,-0.023972854018211365,0.00016324201441535432
5110617,0,192.36253356933594,-86.26271057128906,-0.0235054399818182,0.00014212853942320892
5110618,0,192.36253356933594,-86.26272583007812,-0.02311866730451584,0.00012365958651741363
5110619,0,192.36253356933594,-86.26272583007812,-0.022799339145421982,0.00010737863686889601
5110620,0,192.362548828125,-86.26272583007812,-0.02253604866564274,9.373248863593429e-05
5110621,0,192.362548828125,-86.26272583007812,-0.022319259122014046,8.154930533762026e-05
5110622,0,192.362548828125,-86.26273345947266,-0.022141151130199432,7.086156190646172e-05
5110623,0,192.362548828125,-86.26273345947266,-0.021994896233081818,6.203973924201173e-05
5110624,0,192.362548828125,-86.26273345947266,-0.02187499962747097,5.377919049767262e-05
5110625,0,192.362548828125,-86.26273345947266,-0.02177680842578411,4.672012515898175e-05
5110626,0,192.362548828125,-86.26273345947266,-0.02169654704630375,4.0432890437365e-05
5110627,0,192.362548828125,-86.26273345947266,-0.02163093537092209,3.550530273408999e-05
5110628,0,192.362548828125,-86.26273345947266,-0.0215773768723011,3.057237304663277e-05
5110629,0,192.362548828125,-86.26273345947266,-0.0215773768723011,0.0
5110630,0,192.362548828125,-86.26273345947266,-0.021541861817240715,3.3640323524051316e-06
5110631,0,192.362548828125,-86.26273345947266,-0.021525496616959572,2.998212908347431e-06
5110632,0,192.362548828125,-86.26273345947266,-0.02150745317339897,2.966443612345674e-06
5110633,0,192.362548828125,-86.26273345947266,-0.02148914337158203,2.835933227551664e-06
5110634,0,192.362548828125,-86.26273345947266,-0.021471481770277023,2.5990731063799145e-06
5110635,0,192.362548828125,-86.26273345947266,-0.021454887464642525,2.3148464104408885e-06
5110636,0,192.362548828125,-86.26273345947266,-0.021439742296934128,2.105209447814495e-06
5110637,0,192.362548828125,-86.26273345947266,-0.021426161751151085,1.9045216339561676e-06
5110638,0,192.362548828125,-86.26273345947266,-0.02141410857439041,1.630283794121979e-06
5110639,0,192.362548828125,-86.26273345947266,-0.02140357904136181,1.4226231081593486e-06
5110640,0,192.362548828125,-86.26273345947266,-0.02139442414045334,1.2121991120625908e-06
5110641,0,192.362548828125,-86.26273345947266,-0.021386565640568733,1.1213262225636233e-06
5110642,0,192.362548828125,-86.26273345947266,-0.02137981355190277,9.527129033115952e-07
5110643,0,192.362548828125,-86.26273345947266,-0.021374015137553215,8.018796684525759e-07
5110644,0,192.362548828125,-86.26274108886719,-0.021369170397520065,7.016106441153525e-07
5110645,0,192.362548828125,-86.26274108886719,-0.021365050226449966,5.693710838730587e-07
5110646,0,192.362548828125,-86.26274108886719,-0.021365050226449966,0.0
5110647,0,192.362548828125,-86.26274108886719,-0.021362189203500748,2.697927348950497e-07
5110648,0,192.362548828125,-86.26274108886719,-0.0213608555495739,4.205672722386527e-07
5110649,0,192.362548828125,-86.26274108886719,-0.021359214559197426,3.13267295910702e-07
5110650,0,192.362548828125,-86.26274108886719,-0.021357573568820953,3.8223568448494825e-07
5110651,0,192.362548828125,-86.26274108886719,-0.02135601080954075,3.0627946746833154e-07
5110652,0,192.362548828125,-86.26274108886719,-0.021354559808969498,3.5931688236475476e-07
5110653,0,192.362548828125,-86.26274108886719,-0.02135314978659153,2.8305269723341705e-07
5110654,0,192.362548828125,-86.26274108886719,-0.021351967006921768,1.9131043980533395e-07
5110655,0,192.362548828125,-86.26274108886719,-0.021350936964154243,2.7824425183052215e-07
5110656,0,192.362548828125,-86.26274108886719,-0.021350936964154243,9.978996361351821e-08
5110657,0,192.362548828125,-86.26274108886719,-0.021349182352423668,1.0141271496178253e-07
5110658,0,192.362548828125,-86.26274108886719,-0.021349182352423668,9.69457389435598e-08
5110659,0,192.362548828125,-86.26274108886719,-0.021347884088754654,1.1432088683779239e-07
5110660,0,192.362548828125,-86.26274108886719,-0.021347884088754654,1.0404062404369176e-07
5110661,0,192.362548828125,-86.26274108886719,-0.021347884088754654,4.099999809035396e-08
5110662,0,192.362548828125,-86.26274108886719,-0.02134651131927967,8.619823671880803e-08
5110663,0,192.362548828125,-86.26274108886719,-0.02134651131927967,0.0
5110664,0,192.362548828125,-86.26274108886719,-0.02134651131927967,5.572453174070319e-08
5110665,0,192.362548828125,-86.26274108886719,-0.02134651131927967,5.5949591942287076e-08
5110666,0,192.362548828125,-86.26274108886719,-0.02134651131927967,2.854501598324262e-08
5110667,0,192.362548828125,-86.26274108886719,-0.02134651131927967,2.2373683163296776e-08
5110668,0,192.362548828125,-86.26274108886719,-0.02134651131927967,4.489092835834023e-08
5110669,0,192.362548828125,-86.26274108886719,-0.02134651131927967,3.908231729220516e-08
5110670,0,192.362548828125,-86.26274108886719,-0.021345481276512146,3.1624474724750465e-08
5110671,0,192.362548828125,-86.26274108886719,-0.021345481276512146,4.6607947786454126e-08
5110672,0,192.362548828125,-86.26274108886719,-0.021345481276512146,9.232770449250214e-08
5110673,0,192.362548828125,-86.26274108886719,-0.021345481276512146,4.2423570422109034e-08
5110674,0,192.362548828125,-86.26274108886719,-0.021345481276512146,1.1025589371022584e-07
5110675,0,192.362548828125,-86.26274108886719,-0.021345481276512146,7.292091575811773e-08
5110676,0,192.362548828125,-86.26273345947266,-0.021343955770134926,0.0011840315014503278
5110677,0,192.36260986328125,-86.25728607177734,-0.021451110020279884,0.2849549284120061
5110678,0,192.36276245117188,-86.24480438232422,-0.02163364365696907,0.5623360384794055
5110679,0,192.36300659179688,-86.2254867553711,-0.021848486736416817,0.8326458581744721
5110680,0,192.36331176757812,-86.1995620727539,-0.022068900987505913,1.095515002351115
5110681,0,192.3636932373047,-86.16720581054688,-0.022279128432273865,1.350690164861939
5110682,0,192.3641357421875,-86.1286392211914,-0.022469976916909218,1.5980090757937635
5110683,0,192.36463928222656,-86.08405303955078,-0.022637099027633667,1.8373811868149306
5110684,0,192.365234375,-86.03366088867188,-0.022779159247875214,2.0687835010527795
5110685,0,192.36587524414062,-85.97764587402344,-0.022896308451890945,2.2922440386698835
5110686,0,192.3665771484375,-85.91620635986328,-0.02298995852470398,2.507834856296519
5110687,0,192.36734008789062,-85.84954833984375,-0.023062285035848618,2.715674303386854
5110688,0,192.3681182861328,-85.77786254882812,-0.02311500534415245,2.9159138454594977
5110689,0,192.36895751953125,-85.70130920410156,-0.023150786757469177,3.108732197937442
5110690,0,192.36984252929688,-85.62008666992188,-0.02317165397107601,3.29434112875091
5110691,0,192.37075805664062,-85.53436279296875,-0.023179663345217705,3.4729701875512173
5110692,0,192.37171936035156,-85.4443130493164,-0.02317684143781662,3.644863348538038
5110693,0,192.37266540527344,-85.35009765625,-0.023164786398410797,3.8102788383488293
5110694,0,192.37368774414062,-85.25186157226562,-0.023145103827118874,3.9694885365283388
5110695,0,192.37474060058594,-85.14976501464844,-0.023119239136576653,4.122761383910085
5110696,0,192.37579345703125,-85.04395294189453,-0.023088378831744194,4.270378709033979
5110697,0,192.37689208984375,-84.9345474243164,-0.023053588345646858,4.412833622184792
5110698,0,192.37799072265625,-84.8216781616211,-0.023016013205051422,4.550536544731428
5110699,0,192.3791046142578,-84.70545959472656,-0.02297649346292019,4.683746322087668
5110700,0,192.3802032470703,-84.58597564697266,-0.022935790941119194,4.8126401387874616
5110701,0,192.38131713867188,-84.4633560180664,-0.022894248366355896,4.93740268454181
5110702,0,192.38243103027344,-84.33768463134766,-0.022852325811982155,5.058217054309443
5110703,0,192.38357543945312,-84.20903778076172,-0.022550277411937714,5.1765397894963945
5110704,0,192.3846893310547,-84.07752990722656,-0.02235744334757328,5.29051964131099
5110705,0,192.3858184814453,-83.94322204589844,-0.022236023098230362,5.4010841669770615
5110706,0,192.38693237304688,-83.80622100830078,-0.022160377353429794,5.508400732444221
5110707,0,192.38804626464844,-83.66658020019531,-0.02211349457502365,5.612635808360602
5110708,0,192.38917541503906,-83.5243911743164,-0.022084273397922516,5.713949956111647
5110709,0,192.39028930664062,-83.37972259521484,-0.022065352648496628,5.812506310414754
5110710,0,192.3914337158203,-83.23263549804688,-0.022052153944969177,5.908456662466646
5110711,0,192.39259338378906,-83.08319854736328,-0.022041626274585724,6.001952034115107
5110712,0,192.39376831054688,-82.93146514892578,-0.02203224040567875,6.093147653262007
5110713,0,192.39491271972656,-82.77749633789062,-0.02202281914651394,6.182172977663636
5110714,0,192.39608764648438,-82.621337890625,-0.022012976929545403,6.269155385553054
5110715,0,192.39724731445312,-82.46304321289062,-0.022002296522259712,6.354217526206516
5110716,0,192.39837646484375,-82.30264282226562,-0.021990852430462837,6.437471133872154
5110717,0,192.39952087402344,-82.14020538330078,-0.021978721022605896,6.519024619351734
5110718,0,192.40066528320312,-81.97575378417969,-0.021965980529785156,6.5989711213335305
5110719,0,192.4017791748047,-81.809326171875,-0.021952781826257706,6.677410686538094
5110720,0,192.40292358398438,-81.6409683227539,-0.021939314901828766,6.754429538501777
5110721,0,192.40408325195312,-81.470703125,-0.021925657987594604,6.830107126077698
5110722,0,192.4052276611328,-81.29857635498047,-0.021912040188908577,6.90451640231306
5110723,0,192.4064178466797,-81.1246109008789,-0.021898459643125534,6.977727343876984
5110724,0,192.40760803222656,-80.9488296508789,-0.021885031834244728,7.049798787317066
5110725,0,192.40884399414062,-80.77127075195312,-0.02187194861471653,7.120801126300131
5110726,0,192.4101104736328,-80.59194946289062,-0.021859053522348404,7.190773840673891
5110727,0,192.41140747070312,-80.41089630126953,-0.021846579387784004,7.259789183312161
5110728,0,192.41273498535156,-80.22814178466797,-0.021834449842572212,7.3278811155170605
5110729,0,192.41409301757812,-80.043701171875,-0.021822737529873848,7.395068872097573
5110730,0,192.41549682617188,-79.85758972167969,-0.021811332553625107,7.461411965747559
5110731,0,192.4169158935547,-79.66983795166016,-0.021800346672534943,7.526971736943704
5110732,0,192.4182891845703,-79.48046112060547,-0.02178989350795746,7.59178448621063
5110733,0,192.41966247558594,-79.28947448730469,-0.021779784932732582,7.655804663676521
5110734,0,192.4209747314453,-79.0969009399414,-0.021770132705569267,7.719161076642447
5110735,0,192.42222595214844,-78.90276336669922,-0.021760787814855576,7.781850973484288
5110736,0,192.42335510253906,-78.70706176757812,-0.021752052009105682,7.844236623560893
5110737,0,192.42434692382812,-78.51094055175781,-0.021718444302678108,7.844934164346588
5110738,0,192.4252166748047,-78.3149185180664,-0.021664123982191086,7.8419018744416045
5110739,0,192.42591857910156,-78.11898040771484,-0.02160220965743065,7.838827515246072
5110740,0,192.42648315429688,-77.92312622070312,-0.021539917215704918,7.835747735458877
5110741,0,192.42689514160156,-77.72734069824219,-0.021480979397892952,7.832663720869525
5110742,0,192.42721557617188,-77.5316162109375,-0.021427154541015625,7.829572798855325
5110743,0,192.4274444580078,-77.33597564697266,-0.0213788989931345,7.826480333018168
5110744,0,192.42759704589844,-77.1404037475586,-0.021336402744054794,7.823388994705838
5110745,0,192.42767333984375,-76.94490814208984,-0.021299133077263832,7.820298834025035
5110746,0,192.427734375,-76.74948120117188,-0.021266821771860123,7.8172097208095845
5110747,0,192.42774963378906,-76.55413055419922,-0.021238822489976883,7.8141226800200405
5110748,0,192.42774963378906,-76.3588638305664,-0.02121475152671337,7.811028538186605
5110749,0,192.42774963378906,-76.16365814208984,-0.021193962544202805,7.807897908139293
5110750,0,192.427734375,-75.96853637695312,-0.021176069974899292,7.80479193393352
5110751,0,192.42774963378906,-75.77349090576172,-0.021160734817385674,7.801700715926326
5110752,0,192.42782592773438,-75.57852172851562,-0.021147575229406357,7.798601840540894
5110753,0,192.427978515625,-75.38362884521484,-0.02113628387451172,7.795518319181685
5110754,0,192.42822265625,-75.18880462646484,-0.021126708015799522,7.792443877410853
5110755,0,192.4285430908203,-74.99404907226562,-0.021118469536304474,7.7893716951914485
5110756,0,192.42898559570312,-74.79937744140625,-0.021111296489834785,7.786295322158228
5110757,0,192.4294891357422,-74.60408020019531,-0.021122321486473083,7.838283397467226
5110758,0,192.4300994873047,-74.40604400634766,-0.021184273064136505,7.9460822639980755
5110759,0,192.43081665039062,-74.20543670654297,-0.021265830844640732,8.046205803543257
5110760,0,192.431640625,-74.00248718261719,-0.021348265931010246,8.13731307448639
5110761,0,192.4325714111328,-73.79745483398438,-0.021421508863568306,8.218816720900264
5110762,0,192.43359375,-73.59059143066406,-0.021480560302734375,8.290179131698666
5110763,0,192.43472290039062,-73.38212585449219,-0.02152378112077713,8.352010611114803
5110764,0,192.4359130859375,-73.17230987548828,-0.02155132219195366,8.404638615204142
5110765,0,192.4372100830078,-72.96134948730469,-0.021564483642578125,8.448432327947321
5110766,0,192.4385528564453,-72.74944305419922,-0.02156532183289528,8.484811857502912
5110767,0,192.43994140625,-72.53678894042969,-0.021555405110120773,8.513308622669708
5110768,0,192.4413299560547,-72.32355499267578,-0.021537132561206818,8.535378560760284
5110769,0,192.4427032470703,-72.10986328125,-0.02151283249258995,8.552903230617623
5110770,0,192.444091796875,-71.89583587646484,-0.02148384042084217,8.564663954710486
5110771,0,192.44541931152344,-71.68162536621094,-0.02145099639892578,8.571086554503355
5110772,0,192.4467315673828,-71.46732330322266,-0.02141605317592621,8.573794969217367
5110773,0,192.447998046875,-71.2530288696289,-0.021379776298999786,8.572303473831992
5110774,0,192.44924926757812,-71.03887176513672,-0.021342124789953232,8.565615764571248
5110775,0,192.450439453125,-70.82498168945312,-0.02130325324833393,8.554072884555307
5110776,0,192.45159912109375,-70.61143493652344,-0.0212638471275568,8.539138725543697
5110777,0,192.45272827148438,-70.39830017089844,-0.021225547417998314,8.522425475943642
5110778,0,192.453857421875,-70.18562316894531,-0.021188659593462944,8.503503675574306
5110779,0,192.45501708984375,-69.97344207763672,-0.02115405909717083,8.483429539584574
5110780,0,192.45619201660156,-69.76178741455078,-0.02112174965441227,8.462129944727344
5110781,0,192.4573974609375,-69.55068969726562,-0.021091803908348083,8.439236408821504
5110782,0,192.45860290527344,-69.3402099609375,-0.021063270047307014,8.41306418327919
5110783,0,192.4598846435547,-69.13048553466797,-0.02103477343916893,8.382598958291588
5110784,0,192.4611358642578,-68.92157745361328,-0.021006012335419655,8.348761789490865
5110785,0,192.46243286132812,-68.71355438232422,-0.020977478474378586,8.3130199202011
5110786,0,192.4638214111328,-68.50646209716797,-0.02094985917210579,8.275201616518244
5110787,0,192.46527099609375,-68.30036163330078,-0.020922774448990822,8.23434569774999
5110788,0,192.46676635742188,-68.09535217285156,-0.020895423367619514,8.190210348287952
5110789,0,192.4683380126953,-67.89151000976562,-0.020868225023150444,8.143248788712595
5110790,0,192.469970703125,-67.68887329101562,-0.02084144577383995,8.094186543793192
5110791,0,192.4716796875,-67.48747253417969,-0.0208157729357481,8.044405593937265
5110792,0,192.4734649658203,-67.287353515625,-0.02079154923558235,7.993382365714149
5110793,0,192.47532653808594,-67.08851623535156,-0.020769042894244194,7.941543288086752
5110794,0,192.477294921875,-66.8910140991211,-0.020747527480125427,7.887379790970673
5110795,0,192.4793701171875,-66.69490051269531,-0.020726889371871948,7.831725937440669
5110796,0,192.48158264160156,-66.50017547607422,-0.020707931369543076,7.776187950704955
5110797,0,192.48390197753906,-66.30684661865234,-0.020690307021141052,7.719859629294401
5110798,0,192.48635864257812,-66.11490631103516,-0.020675238221883774,7.6654828046950705
5110799,0,192.48899841308594,-65.92425537109375,-0.020664099603891373,7.614686257193163
5110800,0,192.49179077148438,-65.73478698730469,-0.020657921209931374,7.5686997757108045
5110801,0,192.49465942382812,-65.54640197753906,-0.02065654657781124,7.525673861006021
5110802,0,192.49758911132812,-65.35905456542969,-0.020659064874053,7.484872925349085
5110803,0,192.50054931640625,-65.17263793945312,-0.020665321499109268,7.448508603350293
5110804,0,192.5034942626953,-64.9870376586914,-0.020675772801041603,7.416790826381624
5110805,0,192.50640869140625,-64.80216979980469,-0.020689506083726883,7.387814849367905
5110806,0,192.50924682617188,-64.6179428100586,-0.020706329494714737,7.3639983532207465
5110807,0,192.5120391845703,-64.43416595458984,-0.02072753943502903,7.347480753118066
5110808,0,192.51478576660156,-64.25066375732422,-0.020753860473632812,7.3385918484627535
5110809,0,192.51747131347656,-64.06719207763672,-0.020786285400390625,7.339275898889227
5110810,0,192.52012634277344,-63.88352966308594,-0.020824814215302467,7.349059275257345
5110811,0,192.5227813720703,-63.69947052001953,-0.020868606865406036,7.366450594380484
5110812,0,192.52542114257812,-63.51485061645508,-0.020916061475872993,7.390286789742163
5110813,0,192.52806091308594,-63.32953643798828,-0.020965995267033577,7.419583958671195
5110814,0,192.5306854248047,-63.14339828491211,-0.02101672999560833,7.453536491128878
5110815,0,192.53326416015625,-62.95633316040039,-0.021067237481474876,7.491473407226129
5110816,0,192.5358428955078,-62.76825714111328,-0.02111698128283024,7.532833728219888
5110817,0,192.53843688964844,-62.579383850097656,-0.02115737833082676,7.5532795380538085
5110818,0,192.541015625,-62.39060974121094,-0.021173324435949326,7.550336895229238
5110819,0,192.54359436035156,-62.201927185058594,-0.021175537258386612,7.547359944048405
5110820,0,192.5461883544922,-62.0133171081543,-0.021170729771256447,7.544388328247776
5110821,0,192.548828125,-61.82478713989258,-0.02116241492331028,7.541411762993193
5110822,0,192.55149841308594,-61.63633728027344,-0.02115299180150032,7.538435378514916
5110823,0,192.55421447753906,-61.44796371459961,-0.021143265068531036,7.535457716864764
5110824,0,192.5570068359375,-61.2596549987793,-0.021133994683623314,7.532488625465345
5110825,0,192.5598907470703,-61.0714225769043,-0.02112560160458088,7.529528354383407
5110826,0,192.56285095214844,-60.88327407836914,-0.021118011325597763,7.526576628275927
5110827,0,192.56588745117188,-60.695194244384766,-0.021111296489834785,7.523617852389315
5110828,0,192.56900024414062,-60.5071907043457,-0.021105460822582245,7.520664094057833
5110829,0,192.5721893310547,-60.31925964355469,-0.02110038697719574,7.517698075060296
5110830,0,192.57542419433594,-60.13140869140625,-0.021095924079418182,7.514714960282473
5110831,0,192.57870483398438,-59.943626403808594,-0.021092070266604424,7.51176000469845
5110832,0,192.58206176757812,-59.755916595458984,-0.02108882926404476,7.508803241255353
5110833,0,192.5855255126953,-59.56829071044922,-0.021086005493998528,7.505857703736627
5110834,0,192.5890655517578,-59.38072967529297,-0.021083679050207138,7.502911868767633
5110835,0,192.5926513671875,-59.1932487487793,-0.02108154259622097,7.4999654166105785
5110836,0,192.59629821777344,-59.00584411621094,-0.021079864352941513,7.497019069905799
5110837,0,192.60003662109375,-58.81850814819336,-0.021078338846564293,7.494073653138566
5110838,0,192.6038055419922,-58.62985610961914,-0.021107787266373634,7.564507513265814
5110839,0,192.60765075683594,-58.43941116333008,-0.02116016298532486,7.635043726959587
5110840,0,192.61154174804688,-58.24723434448242,-0.02122066542506218,7.704070376949289
5110841,0,192.61550903320312,-58.0533561706543,-0.021281395107507706,7.771705758073652
5110842,0,192.61952209472656,-57.857810974121094,-0.021338004618883133,7.8381317088662215
5110843,0,192.62359619140625,-57.6606330871582,-0.02138877846300602,7.90349049477556
5110844,0,192.62767028808594,-57.46183776855469,-0.021433142945170403,7.967910500994578
5110845,0,192.6317596435547,-57.2614631652832,-0.021471405401825905,8.031492942482558
5110846,0,192.63584899902344,-57.05951690673828,-0.0215037539601326,8.094336334854068
5110847,0,192.6399383544922,-56.85601043701172,-0.021531028673052788,8.156518861605539
5110848,0,192.64404296875,-56.65095901489258,-0.021553725004196167,8.218116335191645
5110849,0,192.64810180664062,-56.44438934326172,-0.021572571247816086,8.279185520025177
5110850,0,192.6521453857422,-56.236297607421875,-0.021588172763586044,8.339784005399487
5110851,0,192.65618896484375,-56.026702880859375,-0.02160079963505268,8.399958358976697
5110852,0,192.6602325439453,-55.815608978271484,-0.02161109820008278,8.459747366608937
5110853,0,192.6642303466797,-55.60303497314453,-0.02161945216357708,8.519183668049163
5110854,0,192.66824340820312,-55.38897705078125,-0.02162601426243782,8.578296745219355
5110855,0,192.67222595214844,-55.1734504699707,-0.02163131721317768,8.637110208525186
5110856,0,192.67620849609375,-54.956459045410156,-0.0216355137526989,8.695650505126224
5110857,0,192.6802520751953,-54.73801040649414,-0.021638717502355576,8.753949440622074
5110858,0,192.68431091308594,-54.51810836791992,-0.021641120314598083,8.812018657465021
5110859,0,192.68844604492188,-54.296756744384766,-0.021642837673425674,8.869865201674438
5110860,0,192.692626953125,-54.07396697998047,-0.021644020453095436,8.92748361574718
5110861,0,192.69686889648438,-53.84974670410156,-0.021644745022058487,8.984752881766523
5110862,0,192.70120239257812,-53.62410354614258,-0.02164466865360737,9.041197715393158
5110863,0,192.70559692382812,-53.3970832824707,-0.021643752232193947,9.09631047263916
5110864,0,192.71005249023438,-53.16872024536133,-0.021641463041305542,9.149658685077144
5110865,0,192.714599609375,-52.93906021118164,-0.02163749560713768,9.200935817661353
5110866,0,192.71923828125,-52.70817565917969,-0.021631430834531784,9.249326304235804
5110867,0,192.72390747070312,-52.47613525390625,-0.021623190492391586,9.295070666933942
5110868,0,192.72862243652344,-52.243011474609375,-0.02161273919045925,9.337762772938458
5110869,0,192.73342895507812,-52.00888442993164,-0.021599693223834038,9.376847090146494
5110870,0,192.73828125,-51.77385711669922,-0.021584318950772285,9.412190157418701
5110871,0,192.7431640625,-51.538021087646484,-0.021566275507211685,9.443404774034919
5110872,0,192.74807739257812,-51.30149459838867,-0.021545639261603355,9.470150020353707
5110873,0,192.75296020507812,-51.06438064575195,-0.021522369235754013,9.492794496502823
5110874,0,192.75787353515625,-50.82677459716797,-0.021496962755918503,9.511210047541907
5110875,0,192.7626953125,-50.58878707885742,-0.021469611674547195,9.525568000745853
5110876,0,192.76744079589844,-50.35052490234375,-0.021440543234348297,9.53557458603601
5110877,0,192.77212524414062,-50.11207962036133,-0.021410178393125534,9.541907239871465
5110878,0,192.7767333984375,-49.87354278564453,-0.0213788989931345,9.54472120809779
5110879,0,192.78121948242188,-49.6349983215332,-0.021347275003790855,9.544387714266682
5110880,0,192.78561401367188,-49.39651107788086,-0.021315688267350197,9.541034113737137
5110881,0,192.7899169921875,-49.158172607421875,-0.02128395065665245,9.533985320555377
5110882,0,192.79405212402344,-48.92007827758789,-0.021252021193504333,9.523512736990037
5110883,0,192.79812622070312,-48.68230056762695,-0.021220244467258453,9.509999385524218
5110884,0,192.80203247070312,-48.44490432739258,-0.02118862047791481,9.493751917536628
5110885,0,192.8058319091797,-48.20796203613281,-0.02115776017308235,9.475056812707304
5110886,0,192.8095245361328,-47.971527099609375,-0.021127890795469284,9.454498516855125
5110887,0,192.81312561035156,-47.73561477661133,-0.02109985239803791,9.433223039999454
5110888,0,192.81661987304688,-47.5002326965332,-0.021073874086141586,9.411534889349497
5110889,0,192.82005310058594,-47.26539993286133,-0.021050414070487022,9.389571571055376
5110890,0,192.82347106933594,-47.03110885620117,-0.021029548719525337,9.367846716631723
5110891,0,192.8268585205078,-46.79735565185547,-0.02101154252886772,9.346322506697623
5110892,0,192.83023071289062,-46.56412887573242,-0.020996131002902985,9.325377257466636
5110893,0,192.83363342285156,-46.33141326904297,-0.02098316140472889,9.304762448650806
5110894,0,192.83702087402344,-46.09921646118164,-0.020972328260540962,9.284356446355089
5110895,0,192.84043884277344,-45.86750411987305,-0.02096359245479107,9.265074840971636
5110896,0,192.84385681152344,-45.63624572753906,-0.020957451313734055,9.247307116653833
5110897,0,192.84725952148438,-45.405399322509766,-0.020953597500920296,9.231009851350752
5110898,0,192.85064697265625,-45.17493438720703,-0.020951880142092705,9.215855540178117
5110899,0,192.8539581298828,-44.944828033447266,-0.020951995626091957,9.202061718207375
5110900,0,192.8572235107422,-44.715023040771484,-0.02095390297472477,9.189878503309092
5110901,0,192.86045837402344,-44.48550796508789,-0.020957335829734802,9.17885395239512
5110902,0,192.86366271972656,-44.25624465942383,-0.020961914211511612,9.168956146478477
5110903,0,192.86680603027344,-44.02719497680664,-0.02096763625741005,9.160589489898205
5110904,0,192.8699188232422,-43.7983283996582,-0.02097427286207676,9.153466880571155
5110905,0,192.87298583984375,-43.569618225097656,-0.02098155952990055,9.147349295961842
5110906,0,192.87603759765625,-43.3410530090332,-0.020989302545785904,9.142052811265934
5110907,0,192.8791046142578,-43.11260223388672,-0.020997123792767525,9.13744729252345
5110908,0,192.88218688964844,-42.88425064086914,-0.021004943177103996,9.133680175721233
5110909,0,192.88531494140625,-42.65597915649414,-0.021012991666793823,9.130543647532322
5110910,0,192.88845825195312,-42.42778778076172,-0.021020468324422836,9.127701970344448
5110911,0,192.89163208007812,-42.19965744018555,-0.021027717739343643,9.125390465446621
5110912,0,192.8948516845703,-41.97157287597656,-0.02103477343916893,9.12374293842026
5110913,0,192.89810180664062,-41.74351501464844,-0.021041564643383026,9.122700018277373
5110914,0,192.90133666992188,-41.515472412109375,-0.021048201248049736,9.122254300239332
5110915,0,192.90460205078125,-41.287437438964844,-0.02105480059981346,9.122343193118253
5110916,0,192.90786743164062,-41.05937957763672,-0.021061096340417862,9.12314494041009
5110917,0,192.91110229492188,-40.8312873840332,-0.021067580208182335,9.124992951491373
5110918,0,192.91433715820312,-40.60313034057617,-0.021074332296848297,9.127756690628928
5110919,0,192.91754150390625,-40.37488555908203,-0.021080970764160156,9.1312496602795
5110920,0,192.92071533203125,-40.146541595458984,-0.02108798921108246,9.135700081334946
5110921,0,192.92384338378906,-39.918067932128906,-0.02109508402645588,9.140823277025577
5110922,0,192.92697143554688,-39.68946838378906,-0.02110183611512184,9.14598902225373
5110923,0,192.9300994873047,-39.46073532104492,-0.02110820636153221,9.151140384167125
5110924,0,192.9331817626953,-39.23188018798828,-0.021113814786076546,9.156219057218117
5110925,0,192.93626403808594,-39.002891540527344,-0.02111888863146305,9.161441224161356
5110926,0,192.93931579589844,-38.773765563964844,-0.02112346515059471,9.16722351495871
5110927,0,192.94239807128906,-38.54448318481445,-0.021128082647919655,9.17374081537765
5110928,0,192.94544982910156,-38.31501770019531,-0.021132811903953552,9.1811754944852
5110929,0,192.948486328125,-38.08535385131836,-0.021137846633791924,9.18915606552257
5110930,0,192.95155334472656,-37.8554801940918,-0.021142883226275444,9.197715345174142
5110931,0,192.95458984375,-37.62538146972656,-0.021147841587662697,9.206821029240356
5110932,0,192.95755004882812,-37.395050048828125,-0.021152915433049202,9.21625029708093
5110933,0,192.96044921875,-37.16447448730469,-0.02115791290998459,9.22597628952996
5110934,0,192.96324157714844,-36.933650970458984,-0.021162528544664383,9.235954060903419
5110935,0,192.96592712402344,-36.70257568359375,-0.021166877821087837,9.245916807900729
5110936,0,192.968505859375,-36.47126770019531,-0.021170539781451225,9.255223977798073
5110937,0,192.97097778320312,-36.23973083496094,-0.02117328532040119,9.264000001068633
5110938,0,192.9733123779297,-36.00798416137695,-0.021175116300582886,9.272193919315525
5110939,0,192.9755401611328,-35.77605056762695,-0.021176069974899292,9.279736790069592
5110940,0,192.97769165039062,-35.54393005371094,-0.021176261827349663,9.286912408499568
5110941,0,192.9797821044922,-35.311641693115234,-0.02117568999528885,9.293583670258275
5110942,0,192.98182678222656,-35.07918930053711,-0.021174736320972443,9.29989646861955
5110943,0,192.98382568359375,-34.846588134765625,-0.021173477172851562,9.306058250423717
5110944,0,192.9857940673828,-34.613834381103516,-0.021171988919377327,9.311919514410377
5110945,0,192.98773193359375,-34.380943298339844,-0.021170195192098618,9.317446090764763
5110946,0,192.9896697998047,-34.14791488647461,-0.02116825059056282,9.322645028224832
5110947,0,192.9915771484375,-33.91476821899414,-0.021166229620575905,9.327469176352142
5110948,0,192.99346923828125,-33.681514739990234,-0.021163711324334145,9.331493480976162
5110949,0,192.995361328125,-33.448177337646484,-0.021160850301384926,9.334828770100778
5110950,0,192.9972686767578,-33.214759826660156,-0.021157683804631233,9.337699141945002
5110951,0,192.99917602539062,-32.981285095214844,-0.021154174581170082,9.340047556831866
5110952,0,193.0010528564453,-32.74775314331055,-0.02115074172616005,9.34230110215594
5110953,0,193.00294494628906,-32.51416778564453,-0.0211472325026989,9.344359329336818
5110954,0,193.0048370361328,-32.28053665161133,-0.021144066005945206,9.346308880823887
5110955,0,193.00677490234375,-32.04685592651367,-0.021141013130545616,9.348212389098185
5110956,0,193.0087127685547,-31.81312370300293,-0.021138114854693413,9.349914348007106
5110957,0,193.01068115234375,-31.57935905456543,-0.021135559305548668,9.351346150437228
5110958,0,193.01271057128906,-31.345565795898438,-0.02113296464085579,9.352600482349935
5110959,0,193.01473999023438,-31.11173439025879,-0.021130522713065147,9.353880021649987
5110960,0,193.0167999267578,-30.877878189086914,-0.021128425374627113,9.355067318719527
5110961,0,193.01885986328125,-30.643991470336914,-0.021126441657543182,9.356044756212567
5110962,0,193.02096557617188,-30.41008949279785,-0.02112434431910515,9.356612705063908
5110963,0,193.02310180664062,-30.176183700561523,-0.021122092381119728,9.3565873417136
5110964,0,193.02525329589844,-29.942291259765625,-0.0211196132004261,9.35597661272567
5110965,0,193.02740478515625,-29.708425521850586,-0.021116942167282104,9.354822294955474
5110966,0,193.02957153320312,-29.47459602355957,-0.02111377753317356,9.35314770427806
5110967,0,193.03175354003906,-29.240827560424805,-0.021110305562615395,9.350690996722879
5110968,0,193.03392028808594,-29.00713348388672,-0.021106338128447533,9.347286771175698
5110969,0,193.03607177734375,-28.773550033569336,-0.021101798862218857,9.342710558975401
5110970,0,193.03817749023438,-28.540096282958984,-0.02109672501683235,9.337291315403183
5110971,0,193.04031372070312,-28.306781768798828,-0.021091461181640625,9.33179314135349
5110972,0,193.0424041748047,-28.0736026763916,-0.02108657732605934,9.32640107338809
5110973,0,193.04446411132812,-27.840560913085938,-0.02108188532292843,9.320737026675777
5110974,0,193.04649353027344,-27.607669830322266,-0.021077346056699753,9.314579179505678
5110975,0,193.0485076904297,-27.374935150146484,-0.02107311226427555,9.308256725907016
5110976,0,193.0504913330078,-27.14235496520996,-0.021069450303912163,9.302317198879072
5110977,0,193.05245971679688,-26.909914016723633,-0.021066244691610336,9.296602197029802
5110978,0,193.05441284179688,-26.677616119384766,-0.02106368914246559,9.290919336158357
5110979,0,193.05638122558594,-26.44546127319336,-0.021061552688479424,9.28522682597806
5110980,0,193.0583953857422,-26.213443756103516,-0.02105972170829773,9.27966132036145
5110981,0,193.06044006347656,-25.9815673828125,-0.021058348938822746,9.274153133063969
5110982,0,193.06256103515625,-25.74982452392578,-0.021057281643152237,9.26885288734952
5110983,0,193.06468200683594,-25.518218994140625,-0.021056288853287697,9.26319912648929
5110984,0,193.06686401367188,-25.28676414489746,-0.021055106073617935,9.257029042628815
5110985,0,193.06912231445312,-25.05546760559082,-0.021053923293948174,9.250707687317547
5110986,0,193.07138061523438,-24.82433319091797,-0.021052589640021324,9.244282075847575
5110987,0,193.07369995117188,-24.593353271484375,-0.02105148322880268,9.238295146346584
5110988,0,193.07606506347656,-24.362504959106445,-0.02105102501809597,9.233422019988465
5110989,0,193.0784912109375,-24.131744384765625,-0.02105174958705902,9.23001885468941
5110990,0,193.0809783935547,-23.90104866027832,-0.021053733304142952,9.227772408841698
5110991,0,193.08346557617188,-23.670394897460938,-0.021056480705738068,9.226184848840123
5110992,0,193.08595275878906,-23.439796447753906,-0.02105937898159027,9.223568837554478
5110993,0,193.08847045898438,-23.209314346313477,-0.021060790866613388,9.218247023587903
5110994,0,193.09097290039062,-22.97902488708496,-0.02105972170829773,9.209883544846162
5110995,0,193.0934600830078,-22.74898910522461,-0.02105613611638546,9.199319228366823
5110996,0,193.09591674804688,-22.519250869750977,-0.021050719544291496,9.187252380678855
5110997,0,193.09835815429688,-22.289840698242188,-0.021043701097369194,9.173586061527793
5110998,0,193.1007843017578,-22.060800552368164,-0.021035460755228996,9.158563118957284
5110999,0,193.10316467285156,-21.832170486450195,-0.021026229485869408,9.141611205057556
5111000,0,193.10552978515625,-21.60402488708496,-0.021015280857682228,9.121332314903784
5111001,0,193.1077880859375,-21.37649917602539,-0.02100120484828949,9.093697831098034
5111002,0,193.11001586914062,-21.15007781982422,-0.02097579836845398,9.044496205511429
5111003,0,193.1121368408203,-20.92530632019043,-0.020934410393238068,8.973475965846498
5111004,0,193.11415100097656,-20.702733993530273,-0.020875435322523117,8.880557171028475
5111005,0,193.11602783203125,-20.482906341552734,-0.020799102261662483,8.765708017550402
5111006,0,193.11778259277344,-20.266740798950195,-0.02069835551083088,8.6088087881989
5111007,0,193.119384765625,-20.055110931396484,-0.020572509616613388,8.42052905332647
5111008,0,193.12083435058594,-19.848552703857422,-0.020429611206054688,8.215480436792971
5111009,0,193.12210083007812,-19.64718246459961,-0.020283851772546768,8.007576700333319
5111010,0,193.12319946289062,-19.450902938842773,-0.02014724723994732,7.807989764706857
5111011,0,193.12413024902344,-19.25872802734375,-0.020044555887579918,7.655792778898062
5111012,0,193.12493896484375,-19.06924819946289,-0.01999465934932232,7.560627215661686
5111013,0,193.12554931640625,-18.881053924560547,-0.02000473067164421,7.520836462121919
5111014,0,193.1260528564453,-18.692995071411133,-0.02006855048239231,7.51941339940006
5111015,0,193.12643432617188,-18.50499153137207,-0.02015838585793972,7.516491664883032
5111016,0,193.1267547607422,-18.317167282104492,-0.02025379054248333,7.504744926938499
5111017,0,193.12701416015625,-18.130237579345703,-0.02033187821507454,7.46219530290985
5111018,0,193.12722778320312,-17.944955825805664,-0.020380515605211258,7.38977963449191
5111019,0,193.1273956298828,-17.762069702148438,-0.020395584404468536,7.287483062268879
5111020,0,193.12747192382812,-17.58233070373535,-0.020376471802592278,7.155294050004198
5111021,0,193.12750244140625,-17.40648078918457,-0.020324936136603355,6.993279032032299
5111022,0,193.12745666503906,-17.235261917114258,-0.020243797451257706,6.801587480091007
5111023,0,193.12738037109375,-17.069169998168945,-0.020142020657658577,6.595136726675685
5111024,0,193.12725830078125,-16.908275604248047,-0.020033759996294975,6.387228986298588
5111025,0,193.12709045410156,-16.752582550048828,-0.019928283989429474,6.179084908585927
5111026,0,193.1268768310547,-16.601871490478516,-0.019835472106933594,5.9877120182957855
5111027,0,193.1266632080078,-16.455547332763672,-0.019766082987189293,5.810712208551272
5111028,0,193.12640380859375,-16.3137149810791,-0.019710617139935493,5.629640062734986
5111029,0,193.12612915039062,-16.176467895507812,-0.01966373436152935,5.444996049420013
5111030,0,193.1258544921875,-16.04389190673828,-0.01962226815521717,5.257277392239
5111031,0,193.1255645751953,-15.916055679321289,-0.019584616646170616,5.06690121131526
5111032,0,193.12522888183594,-15.793002128601074,-0.019673919305205345,4.875584057487831
5111033,0,193.12486267089844,-15.674784660339355,-0.019821738824248314,4.68090868145738
5111034,0,193.1244354248047,-15.561460494995117,-0.01990348845720291,4.484849380563931
5111035,0,193.12399291992188,-15.453056335449219,-0.019939498975872993,4.287761305138388
5111036,0,193.1234893798828,-15.349601745605469,-0.019944876432418823,4.08937174828877
5111037,0,193.12294006347656,-15.251124382019043,-0.019930418580770493,3.89013104818142
5111038,0,193.12234497070312,-15.157634735107422,-0.019903715699911118,3.690360068144857
5111039,0,193.12173461914062,-15.069149017333984,-0.019870413467288017,3.4901472362368193
5111040,0,193.12109375,-14.985673904418945,-0.01983409747481346,3.2895577121107213
5111041,0,193.1204071044922,-14.90721607208252,-0.019797401502728462,3.088732241231092
5111042,0,193.11973571777344,-14.83377742767334,-0.019762076437473297,2.887989929018399
5111043,0,193.11911010742188,-14.765351295471191,-0.019729003310203552,2.6874647960240203
5111044,0,193.11851501464844,-14.701931953430176,-0.019698981195688248,2.4871931534304372
5111045,0,193.11788940429688,-14.643511772155762,-0.019672317430377007,2.287302861850973
5111046,0,193.11732482910156,-14.590076446533203,-0.019648894667625427,2.087962489481815
5111047,0,193.1167755126953,-14.54161262512207,-0.01962883025407791,1.8892638299067968
5111048,0,193.1162872314453,-14.498099327087402,-0.019612083211541176,1.6913475652510737
5111049,0,193.11582946777344,-14.459516525268555,-0.01959838904440403,1.4942739457880028
5111050,0,193.1154327392578,-14.425843238830566,-0.019587477669119835,1.2981591322755808
5111051,0,193.1150665283203,-14.397050857543945,-0.01957927644252777,1.103092720848535
5111052,0,193.11480712890625,-14.373113632202148,-0.01957344077527523,0.9091401698615976
5111053,0,193.1145477294922,-14.354004859924316,-0.019569626078009605,0.7162519597430246
5111054,0,193.11434936523438,-14.339699745178223,-0.019567565992474556,0.5241462779106476
5111055,0,193.11422729492188,-14.330657958984375,-0.01955665461719036,0.30084525825511876
5111056,0,193.1142120361328,-14.3283052444458,-0.019507598131895065,0.004630633943190638
5111057,0,193.1142120361328,-14.32828140258789,-0.019541015848517418,0.00035065367992789283
5111058,0,193.1142120361328,-14.328211784362793,-0.019646720960736275,0.000698829084941004
5111059,0,193.1142120361328,-14.328116416931152,-0.0197893138974905,0.0008710775749334828
5111060,0,193.11419677734375,-14.328012466430664,-0.019946670159697533,0.0009332254593916029
5111061,0,193.11419677734375,-14.32790756225586,-0.02010517008602619,0.0009272534046078601
5111062,0,193.11419677734375,-14.327807426452637,-0.020256919786334038,0.0008812867984519118
5111063,0,193.11419677734375,-14.327714920043945,-0.02039722353219986,0.0008134538559890638
5111064,0,193.11419677734375,-14.327631950378418,-0.0205245204269886,0.0007358310809498047
5111065,0,193.11419677734375,-14.327556610107422,-0.020637894049286842,0.0006558380019827561
5111066,0,193.11419677734375,-14.32749080657959,-0.020737800747156143,0.0005781095256381426
5111067,0,193.11419677734375,-14.327433586120605,-0.020825041458010674,0.0005052901938300142
5111068,0,193.11419677734375,-14.327383995056152,-0.02090095542371273,0.00043878820876438996
5111069,0,193.11419677734375,-14.327341079711914,-0.020966414362192154,0.0003790588843991865
5111070,0,193.11419677734375,-14.32730484008789,-0.021022720262408257,0.00032611945623598084
5111071,0,193.11419677734375,-14.327272415161133,-0.0210710521787405,0.00027965790326567146
5111072,0,193.11419677734375,-14.327245712280273,-0.021112289279699326,0.00023915374493120305
5111073,0,193.11419677734375,-14.32722282409668,-0.02114742249250412,0.00020411549712183599
5111074,0,193.11419677734375,-14.327202796936035,-0.021177444607019424,0.00017388247650716192
5111075,0,193.11419677734375,-14.327187538146973,-0.021202925592660904,0.00014794608741217045
5111076,0,193.11419677734375,-14.32717227935791,-0.021224593743681908,0.00012571273279571906
5111077,0,193.11419677734375,-14.327159881591797,-0.021242979913949966,0.00010673228646338381
5111078,0,193.11419677734375,-14.327149391174316,-0.021258583292365074,9.050914796310146e-05
5111079,0,193.11419677734375,-14.32730770111084,-0.02126689814031124,0.01310070159671464
5111080,0,193.11419677734375,-14.32696533203125,-0.021284712478518486,0.007870898242695256
5111081,0,193.11419677734375,-14.326399803161621,-0.02130199410021305,0.0033268886021970323
5111082,0,193.11419677734375,-14.325387954711914,-0.021322211250662804,0.027115972845399523
5111083,0,193.11415100097656,-14.323443412780762,-0.02135322615504265,0.07866766318271946
5111084,0,193.11412048339844,-14.320279121398926,-0.02139614149928093,0.13871597266421312
5111085,0,193.11412048339844,-14.316879272460938,-0.021419601514935493,0.12823741630973162
5111086,0,193.11407470703125,-14.313037872314453,-0.02143733948469162,0.15341048137184918
5111087,0,193.11404418945312,-14.309199333190918,-0.02144325152039528,0.15337250361366633
5111088,0,193.11399841308594,-14.305365562438965,-0.0214419923722744,0.15332191752897142
5111089,0,193.1139678955078,-14.301539421081543,-0.021436575800180435,0.153268490022307
5111090,0,193.11392211914062,-14.297714233398438,-0.021429022774100304,0.15321493746541168
5111091,0,193.11387634277344,-14.293893814086914,-0.021420631557703018,0.15314782030913254
5111092,0,193.11383056640625,-14.290071487426758,-0.021412085741758347,0.15309552178257163
5111093,0,193.11378479003906,-14.286252975463867,-0.021403921768069267,0.15303913226536892
5111094,0,193.1137237548828,-14.282435417175293,-0.021396255120635033,0.1529809919629366
5111095,0,193.11366271972656,-14.278617858886719,-0.02138931304216385,0.1529283544258813
5111096,0,193.11363220214844,-14.274800300598145,-0.021383056417107582,0.1528689316708026
5111097,0,193.1135711669922,-14.270984649658203,-0.02137763984501362,0.1528115003564726
5111098,0,193.11351013183594,-14.267169952392578,-0.021372908726334572,0.1527498039357536
5111099,0,193.11343383789062,-14.263355255126953,-0.021368827670812607,0.1526893973302347
5111100,0,193.11337280273438,-14.259541511535645,-0.021365242078900337,0.1526317860463367
5111101,0,193.11331176757812,-14.255730628967285,-0.021362075582146645,0.15257483172249656
5111102,0,193.11325073242188,-14.251919746398926,-0.0213595200330019,0.15252549892080836
5111103,0,193.11317443847656,-14.248108863830566,-0.021357230842113495,0.15247289962518543
5111104,0,193.11314392089844,-14.24429988861084,-0.021355323493480682,0.1524235819152332
5111105,0,193.1130828857422,-14.240492820739746,-0.02135360613465309,0.1523665761290773
5111106,0,193.11302185058594,-14.236572265625,-0.02135494165122509,0.16127525287359545
5111107,0,193.1129608154297,-14.231842041015625,-0.021371420472860336,0.19818011498646362
5111108,0,193.1129608154297,-14.226869583129883,-0.021381910890340805,0.19495298477696313
5111109,0,193.11294555664062,-14.22080135345459,-0.021408652886748314,0.2565486964840241
5111110,0,193.11288452148438,-14.213764190673828,-0.021436920389533043,0.28553366255549956
5111111,0,193.11288452148438,-14.205488204956055,-0.021472129970788956,0.3436415310208589
5111112,0,193.11280822753906,-14.195280075073242,-0.021522751078009605,0.42746312789859287
5111113,0,193.11265563964844,-14.18280029296875,-0.02158416621387005,0.5187598468497533
5111114,0,193.11245727539062,-14.168245315551758,-0.02164611779153347,0.6079581709613784
5111115,0,193.1122589111328,-14.151206970214844,-0.021713485941290855,0.7096884446057647
5111116,0,193.11203002929688,-14.131223678588867,-0.021788328886032104,0.825456882703356
5111117,0,193.11170959472656,-14.108503341674805,-0.02186008356511593,0.9330267197894673
5111118,0,193.1114044189453,-14.083230018615723,-0.02192363701760769,1.0337154210120003
5111119,0,193.11105346679688,-14.055563926696777,-0.021976470947265625,1.1283139868295415
5111120,0,193.11070251464844,-14.025635719299316,-0.022018127143383026,1.2180148189005722
5111121,0,193.11032104492188,-13.993558883666992,-0.022049332037568092,1.3029670952600156
5111122,0,193.10992431640625,-13.959465980529785,-0.022070692852139473,1.382903721322574
5111123,0,193.10951232910156,-13.92343807220459,-0.022083815187215805,1.4599819789633117
5111124,0,193.1090850830078,-13.885504722595215,-0.02209094911813736,1.5363395730492801
5111125,0,193.108642578125,-13.845646858215332,-0.022094687446951866,1.6137175814958515
5111126,0,193.1082000732422,-13.803838729858398,-0.022096671164035797,1.692002138702187
5111127,0,193.10769653320312,-13.760068893432617,-0.02209777757525444,1.770386802881316
5111128,0,193.107177734375,-13.714377403259277,-0.022097472101449966,1.8467017407474824
5111129,0,193.10665893554688,-13.666862487792969,-0.022094573825597763,1.9182841773753272
5111130,0,193.10609436035156,-13.617704391479492,-0.022086715325713158,1.9820756610405756
5111131,0,193.10552978515625,-13.56710147857666,-0.022073134779930115,2.038401709680802
5111132,0,193.10498046875,-13.515223503112793,-0.022053450345993042,2.0876328226765306
5111133,0,193.1044158935547,-13.4624605178833,-0.022023772820830345,2.1171888029851713
5111134,0,193.10382080078125,-13.409538269042969,-0.021976202726364136,2.1164840793192092
5111135,0,193.103271484375,-13.357192993164062,-0.021907461807131767,2.0871224476507177
5111136,0,193.10275268554688,-13.306079864501953,-0.02181774005293846,2.032328642202144
5111137,0,193.1022186279297,-13.25641918182373,-0.021717490628361702,1.9769747504913142
5111138,0,193.10171508789062,-13.208162307739258,-0.021615486592054367,1.9175545611018951
5111139,0,193.10118103027344,-13.161774635314941,-0.02150897867977619,1.83794340442918
5111140,0,193.10067749023438,-13.117365837097168,-0.021403998136520386,1.7623005624756687
5111141,0,193.1001739501953,-13.074363708496094,-0.021315651014447212,1.712370739950326
5111142,0,193.0996856689453,-13.032048225402832,-0.021254004910588264,1.6905798083410055
5111143,0,193.0991973876953,-12.989983558654785,-0.0212180707603693,1.682531621674081
5111144,0,193.09869384765625,-12.947868347167969,-0.021204490214586258,1.6872712018739893
5111145,0,193.09814453125,-12.905356407165527,-0.02121078409254551,1.7060342698459077
5111146,0,193.0976104736328,-12.862101554870605,-0.02123458869755268,1.738418455334415
5111147,0,193.09703063964844,-12.81782341003418,-0.02127246744930744,1.7813291259415376
5111148,0,193.096435546875,-12.77231216430664,-0.021320419386029243,1.8322499210723513
5111149,0,193.09584045410156,-12.72540283203125,-0.021375084295868874,1.8893731182561997
5111150,0,193.09521484375,-12.676971435546875,-0.021433142945170403,1.9513059824364696
5111151,0,193.0945587158203,-12.626919746398926,-0.021492309868335724,2.0170196672195413
5111152,0,193.09385681152344,-12.575166702270508,-0.021550750359892845,2.08574648709584
5111153,0,193.09315490722656,-12.52165699005127,-0.021607017144560814,2.1566882629823607
5111154,0,193.09239196777344,-12.466337203979492,-0.02166038379073143,2.2296624943376426
5111155,0,193.0916290283203,-12.40916919708252,-0.021710243076086044,2.304022516954544
5111156,0,193.0908203125,-12.350112915039062,-0.02175617218017578,2.380084014594086
5111157,0,193.08993530273438,-12.289138793945312,-0.021798590198159218,2.4572154708958105
5111158,0,193.08901977539062,-12.22622299194336,-0.021836966276168823,2.535225170734863
5111159,0,193.0880584716797,-12.161347389221191,-0.021871909499168396,2.613960134872238
5111160,0,193.08705139160156,-12.094494819641113,-0.02190307527780533,2.6933239337319024
5111161,0,193.08599853515625,-12.025652885437012,-0.021931037306785583,2.7730641361846367
5111162,0,193.08489990234375,-11.954812049865723,-0.02195594646036625,2.853262918170407
5111163,0,193.08370971679688,-11.881977081298828,-0.021977880969643593,2.9329662478527374
5111164,0,193.0824432373047,-11.80720329284668,-0.021995849907398224,3.0096858763123255
5111165,0,193.0810546875,-11.7306489944458,-0.022007713094353676,3.079113015521222
5111166,0,193.07958984375,-11.652528762817383,-0.02201160416007042,3.140305717849756
5111167,0,193.07801818847656,-11.57297420501709,-0.022008324041962624,3.1972058254013915
5111168,0,193.0763702392578,-11.49199390411377,-0.02200111374258995,3.254909291465341
5111169,0,193.0745086669922,-11.40950870513916,-0.0219934843480587,3.315724353357825
5111170,0,193.0724639892578,-11.325545310974121,-0.021985206753015518,3.3746084889952597
5111171,0,193.0702362060547,-11.240095138549805,-0.02197723276913166,3.434521001083531
5111172,0,193.06787109375,-11.153326988220215,-0.02196548320353031,3.4798355763905584
5111173,0,193.06544494628906,-11.066407203674316,-0.02193145640194416,3.4790412190636077
5111174,0,193.0629119873047,-10.979531288146973,-0.021883506327867508,3.4778242997475424
5111175,0,193.060302734375,-10.892692565917969,-0.021829452365636826,3.476485105056918
5111176,0,193.05767822265625,-10.805890083312988,-0.02177474834024906,3.475214474958741
5111177,0,193.0549774169922,-10.719117164611816,-0.021721992641687393,3.4739426301962975
5111178,0,193.05224609375,-10.632375717163086,-0.0216730497777462,3.472652008904144
5111179,0,193.04946899414062,-10.54566478729248,-0.0216286089271307,3.471327370827692
5111180,0,193.0466766357422,-10.458982467651367,-0.02158893458545208,3.4700194592340026
5111181,0,193.0438690185547,-10.372331619262695,-0.021553877741098404,3.46866208757224
5111182,0,193.0410919189453,-10.285709381103516,-0.021523170173168182,3.4672993110247337
5111183,0,193.03831481933594,-10.199118614196777,-0.021496543660759926,3.4659319755733864
5111184,0,193.03558349609375,-10.112555503845215,-0.021473655477166176,3.46466314373732
5111185,0,193.0328826904297,-10.026021003723145,-0.02145393379032612,3.463369105612856
5111186,0,193.03021240234375,-9.939516067504883,-0.02143699675798416,3.4620666709312373
5111187,0,193.02755737304688,-9.853044509887695,-0.02142253890633583,3.4606077678269047
5111188,0,193.02496337890625,-9.7666015625,-0.02141033113002777,3.4593512027937794
5111189,0,193.02239990234375,-9.680188179016113,-0.021399803459644318,3.4580780629822296
5111190,0,193.0198974609375,-9.593805313110352,-0.021390875801444054,3.4567245717756445
5111191,0,193.01744079589844,-9.507452011108398,-0.02138320915400982,3.455459871897245
5111192,0,193.0150146484375,-9.42112922668457,-0.021376799792051315,3.4541776628810945
5111193,0,193.01258850097656,-9.33344554901123,-0.021399574354290962,3.531886937593948
5111194,0,193.01011657714844,-9.243365287780762,-0.021453246474266052,3.62630283130132
5111195,0,193.00759887695312,-9.150957107543945,-0.021521415561437607,3.718415522437652
5111196,0,193.00503540039062,-9.056280136108398,-0.021593932062387466,3.8085763479844275
5111197,0,193.00245666503906,-8.959385871887207,-0.0216646958142519,3.8968596091630094
5111198,0,192.99986267089844,-8.86031436920166,-0.02173049934208393,3.98373383649777
5111199,0,192.9972686767578,-8.759100914001465,-0.021789703518152237,4.0693548155825585
5111200,0,192.99468994140625,-8.655776023864746,-0.02184169739484787,4.1536830810390475
5111201,0,192.99212646484375,-8.550357818603516,-0.021886786445975304,4.237398363255136
5111202,0,192.98963928222656,-8.442870140075684,-0.021925238892436028,4.320053614017023
5111203,0,192.9872283935547,-8.333330154418945,-0.021957511082291603,4.40212346004225
5111204,0,192.98489379882812,-8.221757888793945,-0.021984556689858437,4.483252686302248
5111205,0,192.982666015625,-8.10818862915039,-0.022006530314683914,4.562984271261523
5111206,0,192.98057556152344,-7.992626190185547,-0.022024573758244514,4.642724357226665
5111207,0,192.9786834716797,-7.875085353851318,-0.022038916125893593,4.721657223479326
5111208,0,192.97706604003906,-7.755569934844971,-0.02205055207014084,4.8004734023606535
5111209,0,192.9757843017578,-7.634090423583984,-0.022060049697756767,4.878890502757608
5111210,0,192.97488403320312,-7.510638236999512,-0.022067679092288017,4.957762942536924
5111211,0,192.97442626953125,-7.385218143463135,-0.022073935717344284,5.036270018472875
5111212,0,192.9744415283203,-7.25782585144043,-0.021826056763529778,5.115081221441236
5111213,0,192.97491455078125,-7.128480911254883,-0.02168201468884945,5.193213899864513
5111214,0,192.97589111328125,-6.997189998626709,-0.021605415269732475,5.271116814652212
5111215,0,192.97732543945312,-6.863966941833496,-0.02157188393175602,5.348431496802183
5111216,0,192.9791717529297,-6.728821277618408,-0.021564636379480362,5.425550376027865
5111217,0,192.98141479492188,-6.591763019561768,-0.02157295122742653,5.502151880123607
5111218,0,192.9840850830078,-6.452800273895264,-0.021589774638414383,5.578564655521987
5111219,0,192.98709106445312,-6.311941623687744,-0.0216105654835701,5.654633859077376
5111220,0,192.99044799804688,-6.169196128845215,-0.021632766351103783,5.7303145983162045
